-- phpMyAdmin SQL Dump
-- version 3.5.2.2
-- http://www.phpmyadmin.net
--
-- Host: 127.0.0.1
-- Generation Time: Apr 25, 2015 at 11:34 AM
-- Server version: 5.5.27
-- PHP Version: 5.4.7

SET SQL_MODE="NO_AUTO_VALUE_ON_ZERO";
SET time_zone = "+00:00";


/*!40101 SET @OLD_CHARACTER_SET_CLIENT=@@CHARACTER_SET_CLIENT */;
/*!40101 SET @OLD_CHARACTER_SET_RESULTS=@@CHARACTER_SET_RESULTS */;
/*!40101 SET @OLD_COLLATION_CONNECTION=@@COLLATION_CONNECTION */;
/*!40101 SET NAMES utf8 */;

--
-- Database: `basdatprak`
--

-- --------------------------------------------------------

--
-- Table structure for table `aktor`
--

CREATE TABLE IF NOT EXISTS `aktor` (
  `AktorID` int(11) NOT NULL,
  `NamaDepan` varchar(20) NOT NULL,
  `NamaBelakang` varchar(20) NOT NULL,
  `AsalNegara` varchar(20) NOT NULL,
  `TanggalLahir` date NOT NULL,
  PRIMARY KEY (`AktorID`),
  KEY `AktorID` (`AktorID`)
) ENGINE=InnoDB DEFAULT CHARSET=latin1;

--
-- Dumping data for table `aktor`
--

INSERT INTO `aktor` (`AktorID`, `NamaDepan`, `NamaBelakang`, `AsalNegara`, `TanggalLahir`) VALUES
(1, 'Joshua', 'Ortiz', 'China', '1951-03-16'),
(2, 'Jeffrey', 'Grant', 'Thailand', '1972-12-15'),
(3, 'Alan', 'James', 'United States', '1984-03-06'),
(4, 'Ralph', 'Adams', 'Indonesia', '1948-05-20'),
(5, 'Thomas', 'Jacobs', 'United States', '1965-12-17'),
(6, 'Ruth', 'Washington', 'Russia', '1984-06-15'),
(7, 'Gerald', 'Marshall', 'China', '1953-12-10'),
(8, 'George', 'Perkins', 'China', '1957-08-10'),
(9, 'Carl', 'Murray', 'Poland', '1965-09-09'),
(10, 'Thomas', 'Black', 'Madagascar', '1956-03-08'),
(11, 'Louis', 'Willis', 'China', '1983-05-10'),
(12, 'Ralph', 'Carroll', 'Indonesia', '1971-02-13'),
(13, 'Dennis', 'Burton', 'Venezuela', '1977-07-06'),
(14, 'Paula', 'Edwards', 'Russia', '1973-05-21'),
(15, 'Gloria', 'Myers', 'Canada', '1979-12-07'),
(16, 'Kimberly', 'Lawrence', 'China', '1958-10-24'),
(17, 'Ashley', 'Lynch', 'Greece', '1966-03-08'),
(18, 'Emily', 'Cole', 'Germany', '1967-06-09'),
(19, 'Lillian', 'Cook', 'Peru', '1945-04-30'),
(20, 'James', 'Collins', 'Portugal', '1972-10-09'),
(21, 'Scott', 'Mills', 'China', '1973-10-16'),
(22, 'Elizabeth', 'Hicks', 'Bolivia', '1982-10-01'),
(23, 'Paula', 'Carroll', 'Portugal', '1946-02-12'),
(24, 'Gerald', 'Williamson', 'Serbia', '1945-09-20'),
(25, 'Robin', 'Hall', 'Thailand', '1980-02-11'),
(26, 'Deborah', 'Gilbert', 'Canada', '1979-12-21'),
(27, 'Earl', 'Vasquez', 'Venezuela', '1980-11-10'),
(28, 'Ryan', 'Garrett', 'Indonesia', '1964-04-26'),
(29, 'Robert', 'Martinez', 'Philippines', '1973-08-25'),
(30, 'Amy', 'Fuller', 'Brazil', '1977-08-22'),
(31, 'Lillian', 'Howell', 'Peru', '1982-11-21'),
(32, 'Jerry', 'Stewart', 'Kazakhstan', '1968-03-05'),
(33, 'Anna', 'Kennedy', 'China', '1980-10-11'),
(34, 'Kevin', 'Kelley', 'China', '1965-10-17'),
(35, 'Nicole', 'Montgomery', 'Sweden', '1962-08-26'),
(36, 'Sara', 'Thompson', 'Ukraine', '1963-11-25'),
(37, 'Johnny', 'Morales', 'Russia', '1977-06-06'),
(38, 'Betty', 'Stone', 'Canada', '1958-12-25'),
(39, 'Nicholas', 'Rose', 'Indonesia', '1947-10-05'),
(40, 'Jane', 'Stewart', 'Malaysia', '1955-06-02'),
(41, 'Robin', 'Grant', 'Indonesia', '1971-11-08'),
(42, 'Samuel', 'Hunter', 'Russia', '1948-03-09'),
(43, 'Laura', 'Lynch', 'China', '1961-10-10'),
(44, 'Steven', 'Garrett', 'Ukraine', '1966-01-07'),
(45, 'Roger', 'Gordon', 'Tanzania', '1972-10-23'),
(46, 'Pamela', 'Campbell', 'China', '1966-03-14'),
(47, 'Judy', 'Freeman', 'China', '1946-06-25'),
(48, 'Charles', 'King', 'Japan', '1956-06-14'),
(49, 'Diane', 'Kelley', 'Bulgaria', '1967-09-26'),
(50, 'Debra', 'Anderson', 'Poland', '1956-12-13'),
(51, 'Donald', 'Riley', 'Jordan', '1945-12-12'),
(52, 'Gerald', 'Fields', 'Cuba', '1968-01-23'),
(53, 'Pamela', 'Bradley', 'Russia', '1950-07-12'),
(54, 'Benjamin', 'Kelly', 'Malta', '1952-04-03'),
(55, 'Kevin', 'Russell', 'Grenada', '1946-12-08'),
(56, 'Margaret', 'Ruiz', 'Brazil', '1983-04-05'),
(57, 'Louis', 'Stevens', 'Colombia', '1962-08-19'),
(58, 'Matthew', 'Knight', 'Canada', '1981-04-05'),
(59, 'Roger', 'Day', 'Poland', '1970-12-22'),
(60, 'Kathleen', 'Collins', 'United Kingdom', '1958-06-13'),
(61, 'Lawrence', 'Nelson', 'China', '1958-01-10'),
(62, 'Ann', 'Simpson', 'Sweden', '1975-08-25'),
(63, 'Phillip', 'Thompson', 'Bulgaria', '1949-02-11'),
(64, 'Craig', 'Lee', 'Argentina', '1945-08-09'),
(65, 'Scott', 'Mccoy', 'France', '1955-11-30'),
(66, 'Lawrence', 'Fisher', 'Indonesia', '1982-02-13'),
(67, 'Wanda', 'Ortiz', 'Indonesia', '1956-12-22'),
(68, 'Kathleen', 'Rodriguez', 'Indonesia', '1976-04-06'),
(69, 'Albert', 'Jones', 'Jordan', '1954-09-24'),
(70, 'James', 'Ward', 'Brazil', '1958-03-02'),
(71, 'Carlos', 'Kelly', 'French Polynesia', '1959-05-18'),
(72, 'Bruce', 'Little', 'Canada', '1960-08-27'),
(73, 'Jessica', 'Thomas', 'Indonesia', '1957-07-01'),
(74, 'Harold', 'Martin', 'Iran', '1945-08-11'),
(75, 'Sarah', 'Dunn', 'France', '1968-05-24'),
(76, 'Anne', 'Greene', 'Tanzania', '1952-10-05'),
(77, 'Gary', 'Wilson', 'Jordan', '1957-01-09'),
(78, 'Andrea', 'Kelley', 'Serbia', '1976-05-07'),
(79, 'Pamela', 'Washington', 'Thailand', '1982-05-31'),
(80, 'Amanda', 'Baker', 'Norway', '1946-11-05'),
(81, 'Wayne', 'Hayes', 'Albania', '1949-09-02'),
(82, 'Keith', 'Ramirez', 'Guatemala', '1957-07-25'),
(83, 'Thomas', 'Little', 'Iraq', '1972-09-06'),
(84, 'Kathleen', 'Harvey', 'Japan', '1980-03-07'),
(85, 'Sandra', 'Black', 'China', '1960-03-10'),
(86, 'Jean', 'James', 'China', '1958-06-26'),
(87, 'Robert', 'Scott', 'China', '1963-09-09'),
(88, 'Sharon', 'Banks', 'Dominican Republic', '1948-07-29'),
(89, 'Ernest', 'Green', 'China', '1954-07-16'),
(90, 'Lawrence', 'Armstrong', 'Indonesia', '1974-10-28'),
(91, 'Joyce', 'Bishop', 'Serbia', '1972-02-13'),
(92, 'Samuel', 'Fuller', 'Indonesia', '1976-09-11'),
(93, 'Brian', 'Clark', 'Philippines', '1961-03-09'),
(94, 'Frank', 'Boyd', 'Argentina', '1951-10-03'),
(95, 'Stephanie', 'Webb', 'Indonesia', '1974-07-24'),
(96, 'Karen', 'Larson', 'China', '1979-06-07'),
(97, 'Benjamin', 'Gomez', 'Zimbabwe', '1947-07-07'),
(98, 'Steve', 'Duncan', 'Nigeria', '1983-03-20'),
(99, 'Shirley', 'Hawkins', 'France', '1981-12-07'),
(100, 'Kimberly', 'Ray', 'China', '1982-03-02');

-- --------------------------------------------------------

--
-- Table structure for table `aktorfilm`
--

CREATE TABLE IF NOT EXISTS `aktorfilm` (
  `FilmID` int(11) NOT NULL,
  `AktorID` int(11) NOT NULL,
  PRIMARY KEY (`FilmID`,`AktorID`),
  KEY `AktorID` (`AktorID`)
) ENGINE=InnoDB DEFAULT CHARSET=latin1;

--
-- Dumping data for table `aktorfilm`
--

INSERT INTO `aktorfilm` (`FilmID`, `AktorID`) VALUES
(15, 1),
(84, 1),
(133, 1),
(134, 1),
(146, 1),
(198, 1),
(229, 1),
(230, 1),
(413, 1),
(461, 1),
(466, 1),
(471, 1),
(545, 1),
(552, 1),
(556, 1),
(598, 1),
(616, 1),
(627, 1),
(678, 1),
(713, 1),
(728, 1),
(777, 1),
(812, 1),
(972, 1),
(982, 1),
(143, 2),
(182, 2),
(199, 2),
(201, 2),
(231, 2),
(274, 2),
(297, 2),
(353, 2),
(399, 2),
(418, 2),
(448, 2),
(482, 2),
(487, 2),
(514, 2),
(529, 2),
(576, 2),
(618, 2),
(680, 2),
(688, 2),
(797, 2),
(811, 2),
(919, 2),
(937, 2),
(65, 3),
(268, 3),
(295, 3),
(356, 3),
(395, 3),
(456, 3),
(475, 3),
(493, 3),
(521, 3),
(553, 3),
(640, 3),
(688, 3),
(737, 3),
(775, 3),
(830, 3),
(855, 3),
(876, 3),
(909, 3),
(919, 3),
(950, 3),
(29, 4),
(82, 4),
(147, 4),
(207, 4),
(239, 4),
(260, 4),
(362, 4),
(373, 4),
(459, 4),
(541, 4),
(587, 4),
(646, 4),
(748, 4),
(772, 4),
(795, 4),
(932, 4),
(947, 4),
(953, 4),
(989, 4),
(97, 5),
(158, 5),
(229, 5),
(348, 5),
(356, 5),
(379, 5),
(417, 5),
(424, 5),
(478, 5),
(535, 5),
(596, 5),
(637, 5),
(673, 5),
(686, 5),
(692, 5),
(718, 5),
(745, 5),
(750, 5),
(772, 5),
(798, 5),
(799, 5),
(849, 5),
(852, 5),
(7, 6),
(76, 6),
(132, 6),
(137, 6),
(138, 6),
(174, 6),
(208, 6),
(242, 6),
(274, 6),
(296, 6),
(343, 6),
(432, 6),
(500, 6),
(501, 6),
(508, 6),
(524, 6),
(634, 6),
(696, 6),
(721, 6),
(746, 6),
(856, 6),
(914, 6),
(934, 6),
(938, 6),
(976, 6),
(107, 7),
(216, 7),
(247, 7),
(310, 7),
(340, 7),
(406, 7),
(430, 7),
(441, 7),
(453, 7),
(456, 7),
(463, 7),
(516, 7),
(556, 7),
(571, 7),
(608, 7),
(670, 7),
(783, 7),
(876, 7),
(895, 7),
(898, 7),
(976, 7),
(83, 8),
(92, 8),
(139, 8),
(147, 8),
(391, 8),
(427, 8),
(466, 8),
(492, 8),
(563, 8),
(631, 8),
(638, 8),
(663, 8),
(729, 8),
(924, 8),
(987, 8),
(7, 9),
(8, 9),
(41, 9),
(55, 9),
(110, 9),
(171, 9),
(265, 9),
(343, 9),
(369, 9),
(433, 9),
(459, 9),
(551, 9),
(589, 9),
(692, 9),
(743, 9),
(851, 9),
(859, 9),
(888, 9),
(891, 9),
(92, 10),
(124, 10),
(172, 10),
(202, 10),
(292, 10),
(362, 10),
(376, 10),
(377, 10),
(421, 10),
(427, 10),
(429, 10),
(484, 10),
(534, 10),
(632, 10),
(710, 10),
(834, 10),
(858, 10),
(54, 11),
(99, 11),
(115, 11),
(120, 11),
(140, 11),
(153, 11),
(159, 11),
(231, 11),
(252, 11),
(316, 11),
(427, 11),
(494, 11),
(546, 11),
(606, 11),
(812, 11),
(817, 11),
(889, 11),
(957, 11),
(966, 11),
(968, 11),
(982, 11),
(992, 11),
(5, 12),
(34, 12),
(91, 12),
(115, 12),
(162, 12),
(205, 12),
(218, 12),
(231, 12),
(239, 12),
(336, 12),
(401, 12),
(435, 12),
(457, 12),
(460, 12),
(572, 12),
(610, 12),
(683, 12),
(776, 12),
(788, 12),
(971, 12),
(73, 13),
(122, 13),
(154, 13),
(175, 13),
(197, 13),
(211, 13),
(228, 13),
(275, 13),
(281, 13),
(282, 13),
(323, 13),
(388, 13),
(415, 13),
(428, 13),
(458, 13),
(490, 13),
(494, 13),
(514, 13),
(522, 13),
(615, 13),
(971, 13),
(985, 13),
(121, 14),
(131, 14),
(174, 14),
(281, 14),
(351, 14),
(364, 14),
(491, 14),
(521, 14),
(570, 14),
(577, 14),
(656, 14),
(766, 14),
(771, 14),
(838, 14),
(839, 14),
(845, 14),
(859, 14),
(37, 15),
(97, 15),
(100, 15),
(102, 15),
(111, 15),
(146, 15),
(156, 15),
(163, 15),
(221, 15),
(338, 15),
(349, 15),
(403, 15),
(452, 15),
(454, 15),
(583, 15),
(610, 15),
(644, 15),
(775, 15),
(856, 15),
(913, 15),
(932, 15),
(87, 16),
(109, 16),
(112, 16),
(197, 16),
(202, 16),
(241, 16),
(441, 16),
(464, 16),
(504, 16),
(575, 16),
(593, 16),
(604, 16),
(669, 16),
(713, 16),
(789, 16),
(873, 16),
(884, 16),
(916, 16),
(920, 16),
(24, 17),
(40, 17),
(92, 17),
(100, 17),
(120, 17),
(177, 17),
(192, 17),
(224, 17),
(225, 17),
(260, 17),
(300, 17),
(336, 17),
(545, 17),
(554, 17),
(671, 17),
(795, 17),
(807, 17),
(862, 17),
(938, 17),
(952, 17),
(997, 17),
(147, 18),
(155, 18),
(158, 18),
(231, 18),
(249, 18),
(303, 18),
(403, 18),
(414, 18),
(445, 18),
(460, 18),
(476, 18),
(482, 18),
(514, 18),
(573, 18),
(743, 18),
(791, 18),
(801, 18),
(826, 18),
(867, 18),
(894, 18),
(934, 18),
(946, 18),
(964, 18),
(25, 19),
(130, 19),
(203, 19),
(292, 19),
(375, 19),
(381, 19),
(547, 19),
(663, 19),
(687, 19),
(740, 19),
(795, 19),
(853, 19),
(866, 19),
(896, 19),
(24, 20),
(42, 20),
(60, 20),
(75, 20),
(120, 20),
(162, 20),
(252, 20),
(274, 20),
(346, 20),
(385, 20),
(402, 20),
(425, 20),
(530, 20),
(545, 20),
(637, 20),
(658, 20),
(691, 20),
(815, 20),
(816, 20),
(838, 20),
(885, 20),
(898, 20),
(943, 20),
(971, 20),
(975, 20),
(183, 21),
(190, 21),
(223, 21),
(224, 21),
(320, 21),
(334, 21),
(492, 21),
(504, 21),
(522, 21),
(536, 21),
(566, 21),
(571, 21),
(603, 21),
(610, 21),
(643, 21),
(664, 21),
(676, 21),
(738, 21),
(791, 21),
(821, 21),
(855, 21),
(909, 21),
(914, 21),
(927, 21),
(953, 21),
(964, 21),
(967, 21),
(995, 21),
(997, 21),
(6, 22),
(54, 22),
(129, 22),
(158, 22),
(183, 22),
(208, 22),
(225, 22),
(248, 22),
(265, 22),
(315, 22),
(363, 22),
(382, 22),
(435, 22),
(498, 22),
(527, 22),
(624, 22),
(639, 22),
(657, 22),
(712, 22),
(786, 22),
(815, 22),
(848, 22),
(854, 22),
(858, 22),
(930, 22),
(78, 23),
(108, 23),
(113, 23),
(138, 23),
(150, 23),
(381, 23),
(393, 23),
(435, 23),
(535, 23),
(555, 23),
(574, 23),
(586, 23),
(637, 23),
(729, 23),
(802, 23),
(895, 23),
(921, 23),
(950, 23),
(999, 23),
(171, 24),
(215, 24),
(263, 24),
(289, 24),
(306, 24),
(321, 24),
(322, 24),
(450, 24),
(505, 24),
(692, 24),
(694, 24),
(759, 24),
(859, 24),
(912, 24),
(933, 24),
(948, 24),
(34, 25),
(122, 25),
(182, 25),
(195, 25),
(226, 25),
(294, 25),
(307, 25),
(328, 25),
(332, 25),
(346, 25),
(405, 25),
(532, 25),
(538, 25),
(541, 25),
(645, 25),
(691, 25),
(697, 25),
(762, 25),
(826, 25),
(843, 25),
(866, 25),
(868, 25),
(872, 25),
(924, 25),
(997, 25),
(4, 26),
(9, 26),
(60, 26),
(139, 26),
(285, 26),
(292, 26),
(341, 26),
(415, 26),
(435, 26),
(529, 26),
(538, 26),
(548, 26),
(549, 26),
(586, 26),
(633, 26),
(639, 26),
(682, 26),
(753, 26),
(756, 26),
(763, 26),
(768, 26),
(780, 26),
(855, 26),
(899, 26),
(927, 26),
(946, 26),
(963, 26),
(987, 26),
(988, 26),
(83, 27),
(112, 27),
(116, 27),
(166, 27),
(172, 27),
(232, 27),
(250, 27),
(254, 27),
(291, 27),
(307, 27),
(359, 27),
(388, 27),
(423, 27),
(491, 27),
(707, 27),
(802, 27),
(816, 27),
(818, 27),
(926, 27),
(937, 27),
(953, 27),
(45, 28),
(209, 28),
(301, 28),
(348, 28),
(354, 28),
(376, 28),
(512, 28),
(534, 28),
(604, 28),
(622, 28),
(635, 28),
(692, 28),
(711, 28),
(736, 28),
(785, 28),
(823, 28),
(863, 28),
(868, 28),
(972, 28),
(48, 29),
(134, 29),
(165, 29),
(168, 29),
(230, 29),
(231, 29),
(248, 29),
(264, 29),
(295, 29),
(341, 29),
(361, 29),
(418, 29),
(466, 29),
(529, 29),
(741, 29),
(918, 29),
(973, 29),
(68, 30),
(75, 30),
(82, 30),
(216, 30),
(236, 30),
(285, 30),
(464, 30),
(480, 30),
(516, 30),
(522, 30),
(556, 30),
(618, 30),
(630, 30),
(636, 30),
(660, 30),
(700, 30),
(740, 30),
(791, 30),
(805, 30),
(808, 30),
(996, 30),
(998, 30),
(21, 31),
(25, 31),
(120, 31),
(134, 31),
(141, 31),
(238, 31),
(240, 31),
(241, 31),
(289, 31),
(297, 31),
(303, 31),
(306, 31),
(386, 31),
(408, 31),
(428, 31),
(448, 31),
(472, 31),
(553, 31),
(601, 31),
(616, 31),
(684, 31),
(777, 31),
(797, 31),
(884, 31),
(899, 31),
(949, 31),
(967, 31),
(971, 31),
(13, 32),
(51, 32),
(77, 32),
(89, 32),
(97, 32),
(246, 32),
(359, 32),
(414, 32),
(433, 32),
(499, 32),
(504, 32),
(752, 32),
(790, 32),
(849, 32),
(918, 32),
(991, 32),
(29, 33),
(146, 33),
(215, 33),
(245, 33),
(305, 33),
(308, 33),
(401, 33),
(419, 33),
(422, 33),
(613, 33),
(683, 33),
(706, 33),
(735, 33),
(757, 33),
(770, 33),
(930, 33),
(66, 34),
(88, 34),
(192, 34),
(297, 34),
(432, 34),
(582, 34),
(591, 34),
(617, 34),
(623, 34),
(653, 34),
(747, 34),
(756, 34),
(906, 34),
(948, 34),
(981, 34),
(78, 35),
(87, 35),
(128, 35),
(162, 35),
(221, 35),
(289, 35),
(302, 35),
(328, 35),
(483, 35),
(484, 35),
(503, 35),
(557, 35),
(599, 35),
(609, 35),
(620, 35),
(636, 35),
(655, 35),
(658, 35),
(681, 35),
(741, 35),
(776, 35),
(782, 35),
(870, 35),
(950, 35),
(982, 35),
(28, 36),
(45, 36),
(126, 36),
(166, 36),
(189, 36),
(210, 36),
(299, 36),
(367, 36),
(369, 36),
(370, 36),
(441, 36),
(510, 36),
(553, 36),
(564, 36),
(592, 36),
(617, 36),
(649, 36),
(689, 36),
(709, 36),
(743, 36),
(780, 36),
(800, 36),
(813, 36),
(819, 36),
(903, 36),
(911, 36),
(923, 36),
(46, 37),
(83, 37),
(114, 37),
(156, 37),
(301, 37),
(306, 37),
(320, 37),
(332, 37),
(397, 37),
(485, 37),
(548, 37),
(563, 37),
(584, 37),
(665, 37),
(693, 37),
(738, 37),
(796, 37),
(797, 37),
(811, 37),
(868, 37),
(1, 38),
(7, 38),
(10, 38),
(19, 38),
(21, 38),
(82, 38),
(113, 38),
(115, 38),
(230, 38),
(297, 38),
(355, 38),
(451, 38),
(589, 38),
(599, 38),
(644, 38),
(672, 38),
(677, 38),
(750, 38),
(962, 38),
(977, 38),
(26, 39),
(81, 39),
(92, 39),
(135, 39),
(257, 39),
(298, 39),
(314, 39),
(328, 39),
(399, 39),
(434, 39),
(456, 39),
(535, 39),
(562, 39),
(573, 39),
(583, 39),
(587, 39),
(613, 39),
(722, 39),
(730, 39),
(836, 39),
(884, 39),
(941, 39),
(222, 40),
(270, 40),
(283, 40),
(339, 40),
(437, 40),
(514, 40),
(610, 40),
(615, 40),
(620, 40),
(640, 40),
(769, 40),
(810, 40),
(821, 40),
(998, 40),
(3, 41),
(246, 41),
(266, 41),
(271, 41),
(364, 41),
(445, 41),
(471, 41),
(592, 41),
(604, 41),
(642, 41),
(700, 41),
(792, 41),
(899, 41),
(967, 41),
(969, 41),
(976, 41),
(82, 42),
(125, 42),
(187, 42),
(289, 42),
(310, 42),
(328, 42),
(362, 42),
(384, 42),
(452, 42),
(529, 42),
(592, 42),
(665, 42),
(678, 42),
(782, 42),
(884, 42),
(900, 42),
(962, 42),
(974, 42),
(14, 43),
(49, 43),
(92, 43),
(179, 43),
(191, 43),
(421, 43),
(449, 43),
(530, 43),
(558, 43),
(688, 43),
(698, 43),
(717, 43),
(740, 43),
(764, 43),
(772, 43),
(818, 43),
(864, 43),
(912, 43),
(939, 43),
(993, 43),
(995, 43),
(104, 44),
(164, 44),
(234, 44),
(270, 44),
(383, 44),
(440, 44),
(485, 44),
(494, 44),
(548, 44),
(569, 44),
(697, 44),
(709, 44),
(742, 44),
(833, 44),
(889, 44),
(893, 44),
(920, 44),
(31, 45),
(51, 45),
(64, 45),
(70, 45),
(80, 45),
(110, 45),
(118, 45),
(177, 45),
(186, 45),
(236, 45),
(269, 45),
(336, 45),
(341, 45),
(385, 45),
(405, 45),
(436, 45),
(462, 45),
(467, 45),
(482, 45),
(546, 45),
(572, 45),
(601, 45),
(653, 45),
(692, 45),
(698, 45),
(742, 45),
(777, 45),
(800, 45),
(826, 45),
(841, 45),
(868, 45),
(913, 45),
(125, 46),
(193, 46),
(233, 46),
(256, 46),
(266, 46),
(296, 46),
(314, 46),
(331, 46),
(339, 46),
(349, 46),
(449, 46),
(484, 46),
(555, 46),
(662, 46),
(822, 46),
(41, 47),
(179, 47),
(189, 47),
(221, 47),
(272, 47),
(367, 47),
(391, 47),
(431, 47),
(507, 47),
(601, 47),
(626, 47),
(647, 47),
(653, 47),
(668, 47),
(670, 47),
(729, 47),
(744, 47),
(813, 47),
(817, 47),
(839, 47),
(863, 47),
(870, 47),
(892, 47),
(965, 47),
(30, 48),
(38, 48),
(181, 48),
(201, 48),
(238, 48),
(313, 48),
(321, 48),
(466, 48),
(605, 48),
(722, 48),
(827, 48),
(849, 48),
(858, 48),
(929, 48),
(976, 48),
(80, 49),
(93, 49),
(173, 49),
(236, 49),
(287, 49),
(330, 49),
(407, 49),
(413, 49),
(495, 49),
(508, 49),
(580, 49),
(599, 49),
(601, 49),
(705, 49),
(775, 49),
(820, 49),
(859, 49),
(918, 49),
(957, 49),
(997, 49),
(55, 50),
(66, 50),
(117, 50),
(150, 50),
(168, 50),
(169, 50),
(174, 50),
(201, 50),
(203, 50),
(210, 50),
(216, 50),
(227, 50),
(280, 50),
(321, 50),
(348, 50),
(354, 50),
(394, 50),
(481, 50),
(485, 50),
(604, 50),
(671, 50),
(857, 50),
(861, 50),
(965, 50),
(13, 51),
(28, 51),
(103, 51),
(123, 51),
(266, 51),
(328, 51),
(423, 51),
(510, 51),
(525, 51),
(657, 51),
(743, 51),
(809, 51),
(827, 51),
(882, 51),
(971, 51),
(23, 52),
(25, 52),
(80, 52),
(92, 52),
(156, 52),
(161, 52),
(183, 52),
(226, 52),
(265, 52),
(363, 52),
(404, 52),
(427, 52),
(439, 52),
(480, 52),
(573, 52),
(587, 52),
(589, 52),
(645, 52),
(767, 52),
(811, 52),
(847, 52),
(883, 52),
(7, 53),
(106, 53),
(109, 53),
(165, 53),
(247, 53),
(287, 53),
(288, 53),
(309, 53),
(374, 53),
(429, 53),
(453, 53),
(481, 53),
(524, 53),
(664, 53),
(808, 53),
(868, 53),
(953, 53),
(19, 54),
(53, 54),
(58, 54),
(74, 54),
(273, 54),
(274, 54),
(275, 54),
(342, 54),
(442, 54),
(485, 54),
(579, 54),
(622, 54),
(745, 54),
(782, 54),
(810, 54),
(832, 54),
(887, 54),
(931, 54),
(945, 54),
(969, 54),
(10, 55),
(53, 55),
(134, 55),
(185, 55),
(208, 55),
(258, 55),
(313, 55),
(376, 55),
(457, 55),
(469, 55),
(534, 55),
(732, 55),
(813, 55),
(824, 55),
(928, 55),
(934, 55),
(943, 55),
(980, 55),
(991, 55),
(2, 56),
(61, 56),
(82, 56),
(141, 56),
(164, 56),
(177, 56),
(272, 56),
(384, 56),
(417, 56),
(453, 56),
(574, 56),
(736, 56),
(754, 56),
(773, 56),
(790, 56),
(908, 56),
(988, 56),
(99, 57),
(284, 57),
(304, 57),
(408, 57),
(497, 57),
(545, 57),
(589, 57),
(661, 57),
(715, 57),
(753, 57),
(968, 57),
(992, 57),
(15, 58),
(98, 58),
(325, 58),
(332, 58),
(353, 58),
(366, 58),
(416, 58),
(530, 58),
(563, 58),
(637, 58),
(717, 58),
(800, 58),
(803, 58),
(847, 58),
(926, 58),
(980, 58),
(2, 59),
(74, 59),
(106, 59),
(155, 59),
(179, 59),
(180, 59),
(259, 59),
(329, 59),
(335, 59),
(370, 59),
(372, 59),
(392, 59),
(440, 59),
(498, 59),
(506, 59),
(533, 59),
(695, 59),
(745, 59),
(935, 59),
(6, 60),
(45, 60),
(82, 60),
(116, 60),
(390, 60),
(503, 60),
(512, 60),
(661, 60),
(664, 60),
(757, 60),
(763, 60),
(794, 60),
(820, 60),
(882, 60),
(936, 60),
(967, 60),
(999, 60),
(38, 61),
(188, 61),
(260, 61),
(265, 61),
(387, 61),
(397, 61),
(532, 61),
(569, 61),
(586, 61),
(639, 61),
(655, 61),
(659, 61),
(738, 61),
(750, 61),
(764, 61),
(814, 61),
(984, 61),
(16, 62),
(184, 62),
(217, 62),
(220, 62),
(278, 62),
(375, 62),
(386, 62),
(425, 62),
(511, 62),
(573, 62),
(633, 62),
(674, 62),
(718, 62),
(737, 62),
(891, 62),
(913, 62),
(917, 62),
(966, 62),
(15, 63),
(58, 63),
(63, 63),
(85, 63),
(143, 63),
(159, 63),
(229, 63),
(230, 63),
(340, 63),
(392, 63),
(399, 63),
(410, 63),
(440, 63),
(498, 63),
(500, 63),
(559, 63),
(609, 63),
(651, 63),
(694, 63),
(768, 63),
(813, 63),
(836, 63),
(842, 63),
(908, 63),
(948, 63),
(45, 64),
(60, 64),
(72, 64),
(135, 64),
(260, 64),
(275, 64),
(456, 64),
(546, 64),
(558, 64),
(576, 64),
(578, 64),
(686, 64),
(759, 64),
(783, 64),
(816, 64),
(997, 64),
(24, 65),
(50, 65),
(55, 65),
(239, 65),
(243, 65),
(322, 65),
(327, 65),
(340, 65),
(465, 65),
(474, 65),
(506, 65),
(588, 65),
(618, 65),
(626, 65),
(706, 65),
(758, 65),
(806, 65),
(921, 65),
(972, 65),
(1000, 65),
(10, 66),
(98, 66),
(163, 66),
(183, 66),
(184, 66),
(206, 66),
(238, 66),
(261, 66),
(282, 66),
(300, 66),
(325, 66),
(337, 66),
(369, 66),
(429, 66),
(453, 66),
(466, 66),
(521, 66),
(539, 66),
(543, 66),
(547, 66),
(554, 66),
(641, 66),
(744, 66),
(747, 66),
(819, 66),
(937, 66),
(42, 67),
(44, 67),
(57, 67),
(129, 67),
(183, 67),
(255, 67),
(271, 67),
(285, 67),
(288, 67),
(300, 67),
(399, 67),
(437, 67),
(521, 67),
(560, 67),
(607, 67),
(615, 67),
(627, 67),
(631, 67),
(718, 67),
(833, 67),
(897, 67),
(918, 67),
(101, 68),
(320, 68),
(345, 68),
(417, 68),
(520, 68),
(585, 68),
(675, 68),
(687, 68),
(688, 68),
(733, 68),
(755, 68),
(756, 68),
(817, 68),
(849, 68),
(871, 68),
(922, 68),
(942, 68),
(62, 69),
(183, 69),
(237, 69),
(261, 69),
(361, 69),
(371, 69),
(380, 69),
(499, 69),
(601, 69),
(603, 69),
(657, 69),
(661, 69),
(705, 69),
(738, 69),
(800, 69),
(825, 69),
(913, 69),
(934, 69),
(5, 70),
(72, 70),
(117, 70),
(148, 70),
(264, 70),
(267, 70),
(415, 70),
(438, 70),
(473, 70),
(604, 70),
(724, 70),
(735, 70),
(759, 70),
(777, 70),
(779, 70),
(784, 70),
(908, 70),
(942, 70),
(974, 70),
(9, 71),
(75, 71),
(163, 71),
(164, 71),
(184, 71),
(249, 71),
(257, 71),
(301, 71),
(309, 71),
(353, 71),
(403, 71),
(418, 71),
(445, 71),
(449, 71),
(493, 71),
(590, 71),
(616, 71),
(659, 71),
(768, 71),
(780, 71),
(828, 71),
(968, 71),
(997, 71),
(37, 72),
(43, 72),
(76, 72),
(127, 72),
(199, 72),
(202, 72),
(215, 72),
(269, 72),
(299, 72),
(365, 72),
(387, 72),
(396, 72),
(448, 72),
(483, 72),
(508, 72),
(542, 72),
(554, 72),
(573, 72),
(593, 72),
(807, 72),
(884, 72),
(965, 72),
(74, 73),
(193, 73),
(264, 73),
(321, 73),
(395, 73),
(417, 73),
(421, 73),
(441, 73),
(530, 73),
(557, 73),
(558, 73),
(567, 73),
(576, 73),
(600, 73),
(611, 73),
(652, 73),
(710, 73),
(729, 73),
(900, 73),
(938, 73),
(964, 73),
(985, 73),
(14, 74),
(63, 74),
(89, 74),
(119, 74),
(191, 74),
(283, 74),
(296, 74),
(410, 74),
(521, 74),
(537, 74),
(550, 74),
(551, 74),
(569, 74),
(594, 74),
(613, 74),
(662, 74),
(719, 74),
(863, 74),
(914, 74),
(915, 74),
(995, 74),
(84, 75),
(191, 75),
(274, 75),
(313, 75),
(355, 75),
(362, 75),
(399, 75),
(404, 75),
(475, 75),
(482, 75),
(484, 75),
(507, 75),
(753, 75),
(772, 75),
(774, 75),
(49, 76),
(244, 76),
(251, 76),
(327, 76),
(344, 76),
(519, 76),
(579, 76),
(587, 76),
(675, 76),
(752, 76),
(779, 76),
(877, 76),
(896, 76),
(964, 76),
(984, 76),
(43, 77),
(158, 77),
(345, 77),
(357, 77),
(508, 77),
(549, 77),
(599, 77),
(766, 77),
(827, 77),
(854, 77),
(934, 77),
(181, 78),
(339, 78),
(351, 78),
(385, 78),
(431, 78),
(511, 78),
(541, 78),
(553, 78),
(554, 78),
(568, 78),
(597, 78),
(608, 78),
(708, 78),
(712, 78),
(749, 78),
(940, 78),
(977, 78),
(988, 78),
(993, 78),
(1000, 78),
(52, 79),
(257, 79),
(270, 79),
(274, 79),
(281, 79),
(288, 79),
(323, 79),
(373, 79),
(380, 79),
(546, 79),
(551, 79),
(625, 79),
(639, 79),
(668, 79),
(687, 79),
(769, 79),
(813, 79),
(854, 79),
(866, 79),
(154, 80),
(370, 80),
(374, 80),
(379, 80),
(523, 80),
(557, 80),
(594, 80),
(597, 80),
(630, 80),
(711, 80),
(717, 80),
(729, 80),
(750, 80),
(924, 80),
(937, 80),
(953, 80),
(983, 80),
(990, 80),
(52, 81),
(70, 81),
(92, 81),
(95, 81),
(138, 81),
(195, 81),
(248, 81),
(269, 81),
(457, 81),
(499, 81),
(567, 81),
(616, 81),
(675, 81),
(743, 81),
(752, 81),
(762, 81),
(847, 81),
(871, 81),
(960, 81),
(126, 82),
(177, 82),
(247, 82),
(280, 82),
(328, 82),
(469, 82),
(504, 82),
(690, 82),
(715, 82),
(748, 82),
(750, 82),
(783, 82),
(792, 82),
(827, 82),
(863, 82),
(885, 82),
(897, 82),
(939, 82),
(32, 83),
(73, 83),
(236, 83),
(382, 83),
(407, 83),
(444, 83),
(472, 83),
(503, 83),
(505, 83),
(536, 83),
(552, 83),
(625, 83),
(696, 83),
(706, 83),
(717, 83),
(754, 83),
(809, 83),
(832, 83),
(890, 83),
(903, 83),
(909, 83),
(955, 83),
(957, 83),
(1, 84),
(57, 84),
(64, 84),
(109, 84),
(151, 84),
(261, 84),
(317, 84),
(322, 84),
(379, 84),
(440, 84),
(457, 84),
(478, 84),
(501, 84),
(565, 84),
(571, 84),
(578, 84),
(585, 84),
(772, 84),
(773, 84),
(822, 84),
(876, 84),
(896, 84),
(979, 84),
(990, 84),
(56, 85),
(96, 85),
(142, 85),
(187, 85),
(237, 85),
(407, 85),
(467, 85),
(581, 85),
(677, 85),
(730, 85),
(765, 85),
(782, 85),
(838, 85),
(839, 85),
(877, 85),
(941, 85),
(959, 85),
(25, 86),
(56, 86),
(65, 86),
(149, 86),
(167, 86),
(195, 86),
(316, 86),
(366, 86),
(378, 86),
(386, 86),
(462, 86),
(482, 86),
(578, 86),
(597, 86),
(639, 86),
(660, 86),
(720, 86),
(805, 86),
(857, 86),
(98, 87),
(136, 87),
(180, 87),
(181, 87),
(238, 87),
(287, 87),
(367, 87),
(427, 87),
(439, 87),
(491, 87),
(544, 87),
(580, 87),
(582, 87),
(672, 87),
(701, 87),
(740, 87),
(763, 87),
(791, 87),
(866, 87),
(963, 87),
(87, 88),
(197, 88),
(241, 88),
(260, 88),
(293, 88),
(298, 88),
(322, 88),
(329, 88),
(340, 88),
(553, 88),
(611, 88),
(661, 88),
(668, 88),
(798, 88),
(869, 88),
(872, 88),
(925, 88),
(944, 88),
(948, 88),
(986, 88),
(43, 89),
(83, 89),
(128, 89),
(156, 89),
(196, 89),
(243, 89),
(370, 89),
(372, 89),
(377, 89),
(428, 89),
(488, 89),
(497, 89),
(535, 89),
(537, 89),
(550, 89),
(594, 89),
(615, 89),
(627, 89),
(637, 89),
(747, 89),
(25, 90),
(63, 90),
(160, 90),
(185, 90),
(226, 90),
(275, 90),
(320, 90),
(351, 90),
(361, 90),
(491, 90),
(512, 90),
(575, 90),
(599, 90),
(607, 90),
(615, 90),
(620, 90),
(642, 90),
(748, 90),
(760, 90),
(836, 90),
(888, 90),
(925, 90),
(938, 90),
(1000, 90),
(4, 91),
(37, 91),
(58, 91),
(148, 91),
(157, 91),
(207, 91),
(270, 91),
(297, 91),
(312, 91),
(364, 91),
(377, 91),
(380, 91),
(535, 91),
(596, 91),
(616, 91),
(679, 91),
(713, 91),
(724, 91),
(748, 91),
(749, 91),
(795, 91),
(810, 91),
(857, 91),
(883, 91),
(67, 92),
(108, 92),
(147, 92),
(337, 92),
(357, 92),
(523, 92),
(687, 92),
(778, 92),
(793, 92),
(805, 92),
(837, 92),
(856, 92),
(860, 92),
(957, 92),
(21, 93),
(156, 93),
(228, 93),
(315, 93),
(363, 93),
(378, 93),
(486, 93),
(551, 93),
(572, 93),
(770, 93),
(793, 93),
(822, 93),
(883, 93),
(932, 93),
(969, 93),
(20, 94),
(47, 94),
(78, 94),
(207, 94),
(241, 94),
(434, 94),
(444, 94),
(496, 94),
(516, 94),
(643, 94),
(676, 94),
(681, 94),
(684, 94),
(848, 94),
(871, 94),
(873, 94),
(889, 94),
(936, 94),
(974, 94),
(982, 94),
(991, 94),
(64, 95),
(85, 95),
(201, 95),
(334, 95),
(336, 95),
(366, 95),
(373, 95),
(455, 95),
(634, 95),
(752, 95),
(870, 95),
(876, 95),
(877, 95),
(919, 95),
(941, 95),
(36, 96),
(55, 96),
(103, 96),
(170, 96),
(171, 96),
(202, 96),
(246, 96),
(385, 96),
(572, 96),
(581, 96),
(591, 96),
(605, 96),
(624, 96),
(699, 96),
(748, 96),
(753, 96),
(767, 96),
(878, 96),
(934, 96),
(944, 96),
(982, 96),
(30, 97),
(276, 97),
(321, 97),
(400, 97),
(447, 97),
(466, 97),
(529, 97),
(581, 97),
(588, 97),
(725, 97),
(777, 97),
(907, 97),
(66, 98),
(105, 98),
(189, 98),
(210, 98),
(249, 98),
(275, 98),
(316, 98),
(350, 98),
(370, 98),
(479, 98),
(496, 98),
(539, 98),
(569, 98),
(576, 98),
(612, 98),
(654, 98),
(761, 98),
(802, 98),
(837, 98),
(850, 98),
(962, 98),
(28, 99),
(47, 99),
(71, 99),
(74, 99),
(75, 99),
(212, 99),
(217, 99),
(227, 99),
(235, 99),
(300, 99),
(302, 99),
(327, 99),
(349, 99),
(386, 99),
(388, 99),
(464, 99),
(520, 99),
(526, 99),
(660, 99),
(689, 99),
(761, 99),
(792, 99),
(890, 99),
(899, 99),
(909, 99),
(920, 99),
(36, 100),
(108, 100),
(332, 100),
(347, 100),
(404, 100),
(541, 100),
(554, 100),
(557, 100),
(628, 100),
(635, 100),
(831, 100),
(842, 100),
(871, 100),
(920, 100);

-- --------------------------------------------------------

--
-- Table structure for table `film`
--

CREATE TABLE IF NOT EXISTS `film` (
  `FilmID` int(11) NOT NULL,
  `SutradaraID` int(11) NOT NULL,
  `Judul` varchar(30) NOT NULL,
  `TanggalRilis` date NOT NULL,
  `Rating` float NOT NULL,
  `LamaFilm` int(11) NOT NULL,
  PRIMARY KEY (`FilmID`),
  KEY `SutradaraID` (`SutradaraID`)
) ENGINE=InnoDB DEFAULT CHARSET=latin1;

--
-- Dumping data for table `film`
--

INSERT INTO `film` (`FilmID`, `SutradaraID`, `Judul`, `TanggalRilis`, `Rating`, `LamaFilm`) VALUES
(1, 14, 'In blandit ultrices enim.', '1929-02-08', 2.12, 215),
(2, 52, 'Vivamus vestibulum sagittis sa', '1951-04-14', 2.26, 236),
(3, 68, 'Donec quis orci eget orci vehi', '1973-10-18', 4.56, 188),
(4, 1, 'Integer aliquet, massa id lobo', '1987-06-26', 4.24, 162),
(5, 12, 'Nullam molestie nibh in lectus', '1943-05-25', 0.2, 156),
(6, 22, 'Nullam molestie nibh in lectus', '1955-05-07', 3.95, 123),
(7, 12, 'Nulla ut erat id mauris vulput', '1929-10-17', 1.98, 183),
(8, 58, 'Mauris lacinia sapien quis lib', '1949-12-08', 1.36, 194),
(9, 99, 'Nulla tellus.', '2010-10-02', 2.22, 211),
(10, 100, 'Aliquam quis turpis eget elit ', '1993-07-28', 2.04, 148),
(11, 39, 'Fusce congue, diam id ornare i', '1966-07-27', 0.09, 147),
(12, 25, 'Proin interdum mauris non ligu', '2004-05-29', 1.01, 146),
(13, 13, 'Nulla tellus.', '1930-12-30', 4.01, 186),
(14, 15, 'Lorem ipsum dolor sit amet, co', '1999-07-21', 0, 131),
(15, 26, 'Maecenas pulvinar lobortis est', '1983-06-26', 4.94, 179),
(16, 46, 'Nullam porttitor lacus at turp', '1935-09-08', 1.37, 132),
(17, 79, 'Vivamus vel nulla eget eros el', '1936-12-06', 4.67, 232),
(18, 8, 'Vestibulum ante ipsum primis i', '1974-01-10', 3.33, 194),
(19, 85, 'Vestibulum ante ipsum primis i', '1997-03-31', 2.17, 178),
(20, 83, 'Nunc rhoncus dui vel sem.', '2010-09-30', 3.03, 157),
(21, 54, 'Phasellus sit amet erat.', '1967-12-01', 2.4, 126),
(22, 22, 'Ut tellus.', '1942-01-13', 0.78, 191),
(23, 56, 'Aliquam erat volutpat.', '1961-01-05', 0.32, 217),
(24, 2, 'Proin at turpis a pede posuere', '1981-03-01', 0.7, 145),
(25, 11, 'Etiam pretium iaculis justo.', '1934-07-14', 1.82, 230),
(26, 14, 'Maecenas tincidunt lacus at ve', '2012-10-26', 3.58, 160),
(27, 34, 'Morbi porttitor lorem id ligul', '1920-11-12', 3.58, 121),
(28, 68, 'Vestibulum ante ipsum primis i', '1963-03-28', 0.08, 239),
(29, 54, 'Quisque erat eros, viverra ege', '1966-12-28', 4.42, 227),
(30, 77, 'Nulla ac enim.', '1971-03-12', 4.7, 203),
(31, 40, 'Vivamus vestibulum sagittis sa', '1935-12-12', 3.52, 233),
(32, 67, 'Vivamus vestibulum sagittis sa', '1923-07-25', 0.71, 239),
(33, 14, 'Praesent blandit.', '1987-01-12', 2.31, 178),
(34, 56, 'Curabitur at ipsum ac tellus s', '2001-05-13', 3.89, 183),
(35, 86, 'Duis aliquam convallis nunc.', '2012-07-20', 1.58, 182),
(36, 9, 'Maecenas pulvinar lobortis est', '2008-05-20', 1.87, 176),
(37, 62, 'Nullam porttitor lacus at turp', '1928-08-09', 2.52, 192),
(38, 25, 'Morbi quis tortor id nulla ult', '1970-01-19', 0.41, 233),
(39, 50, 'Vivamus tortor.', '1964-10-27', 1.85, 235),
(40, 41, 'Maecenas ut massa quis augue l', '1936-11-20', 4.01, 200),
(41, 76, 'Aliquam quis turpis eget elit ', '1964-08-12', 4.04, 131),
(42, 15, 'Nulla tellus.', '1951-10-04', 4.65, 223),
(43, 33, 'Morbi a ipsum.', '1928-03-24', 3.2, 217),
(44, 81, 'Nullam varius.', '1935-08-09', 0.33, 211),
(45, 50, 'Nam tristique tortor eu pede.', '2005-05-07', 2.32, 193),
(46, 28, 'Morbi non quam nec dui luctus ', '1946-07-25', 3.87, 197),
(47, 18, 'Mauris enim leo, rhoncus sed, ', '1931-09-26', 2.37, 224),
(48, 77, 'Maecenas tristique, est et tem', '1931-11-23', 3.21, 199),
(49, 87, 'Integer ac leo.', '2011-08-20', 3.28, 218),
(50, 32, 'Vestibulum ac est lacinia nisi', '1944-10-11', 0.39, 184),
(51, 79, 'Maecenas rhoncus aliquam lacus', '1983-03-04', 1.27, 168),
(52, 77, 'Vivamus vel nulla eget eros el', '1999-06-16', 0.17, 233),
(53, 48, 'Fusce consequat.', '1994-08-05', 0.44, 155),
(54, 25, 'Maecenas ut massa quis augue l', '1994-11-25', 0.02, 221),
(55, 68, 'Nam ultrices, libero non matti', '1937-03-28', 1.34, 181),
(56, 18, 'Integer non velit.', '1975-07-27', 2.22, 154),
(57, 77, 'Praesent lectus.', '1988-02-07', 1.29, 148),
(58, 57, 'Integer pede justo, lacinia eg', '1938-01-26', 3, 128),
(59, 27, 'In blandit ultrices enim.', '1978-07-31', 2.03, 161),
(60, 24, 'Morbi odio odio, elementum eu,', '1937-03-12', 0.23, 198),
(61, 17, 'Integer ac leo.', '1972-06-05', 0.78, 236),
(62, 84, 'Aenean auctor gravida sem.', '1957-05-09', 0.93, 204),
(63, 93, 'Nulla tempus.', '1944-11-18', 1.64, 224),
(64, 89, 'Fusce congue, diam id ornare i', '1976-10-10', 1.29, 132),
(65, 35, 'Etiam pretium iaculis justo.', '1972-02-22', 2.4, 162),
(66, 48, 'Vivamus tortor.', '1953-04-27', 2.49, 150),
(67, 85, 'Phasellus sit amet erat.', '1964-06-10', 2.38, 137),
(68, 26, 'Aliquam quis turpis eget elit ', '1935-11-20', 1.63, 196),
(69, 98, 'Nunc nisl.', '1956-10-05', 4.89, 164),
(70, 65, 'Integer ac leo.', '2010-02-10', 1.52, 213),
(71, 69, 'Pellentesque viverra pede ac d', '2000-02-07', 1.1, 192),
(72, 20, 'In hac habitasse platea dictum', '2013-03-02', 4.67, 238),
(73, 85, 'In congue.', '1928-08-04', 1.94, 169),
(74, 18, 'Nulla tempus.', '1971-05-14', 1.63, 155),
(75, 82, 'Nunc rhoncus dui vel sem.', '1969-03-01', 2.09, 162),
(76, 56, 'Vestibulum quam sapien, varius', '1943-05-04', 4.4, 231),
(77, 69, 'Donec vitae nisi.', '1939-03-13', 3.64, 218),
(78, 88, 'Nulla nisl.', '1934-02-10', 2.64, 210),
(79, 3, 'Aliquam non mauris.', '1968-04-07', 4.95, 161),
(80, 45, 'Integer aliquet, massa id lobo', '1983-06-02', 3.58, 171),
(81, 95, 'Praesent blandit lacinia erat.', '1955-06-11', 3.54, 148),
(82, 67, 'Nullam porttitor lacus at turp', '1959-10-15', 3.18, 159),
(83, 33, 'Morbi odio odio, elementum eu,', '2000-07-09', 0.5, 179),
(84, 63, 'Duis ac nibh.', '1922-01-21', 0.45, 198),
(85, 27, 'Aliquam erat volutpat.', '1956-07-23', 3, 170),
(86, 24, 'Vestibulum ac est lacinia nisi', '1923-01-29', 1.84, 182),
(87, 98, 'Etiam vel augue.', '1997-10-05', 2.79, 191),
(88, 65, 'Sed vel enim sit amet nunc viv', '1988-10-08', 4.81, 194),
(89, 45, 'Morbi quis tortor id nulla ult', '1999-12-23', 4.08, 180),
(90, 19, 'Nulla facilisi.', '1937-06-16', 0.25, 240),
(91, 97, 'Nunc nisl.', '1972-01-09', 1.23, 166),
(92, 18, 'Duis bibendum.', '1927-09-30', 2.75, 122),
(93, 50, 'Mauris lacinia sapien quis lib', '1952-03-23', 2.59, 148),
(94, 77, 'Praesent lectus.', '1972-04-19', 1.29, 211),
(95, 89, 'Phasellus in felis.', '1989-12-18', 0.22, 187),
(96, 38, 'Mauris enim leo, rhoncus sed, ', '1998-04-23', 3.47, 194),
(97, 4, 'Quisque ut erat.', '1980-08-04', 4.33, 129),
(98, 55, 'Cras in purus eu magna vulputa', '2001-02-15', 0.59, 167),
(99, 10, 'Vivamus in felis eu sapien cur', '1952-05-28', 3.34, 137),
(100, 3, 'Aenean auctor gravida sem.', '1945-02-15', 1.71, 160),
(101, 41, 'Curabitur gravida nisi at nibh', '1978-10-30', 0.78, 187),
(102, 85, 'Cras pellentesque volutpat dui', '2000-12-10', 3.38, 143),
(103, 24, 'In est risus, auctor sed, tris', '1944-01-10', 4.59, 127),
(104, 52, 'Nullam molestie nibh in lectus', '1931-01-01', 4.33, 177),
(105, 48, 'Nunc rhoncus dui vel sem.', '1938-04-24', 3.54, 237),
(106, 26, 'Aenean auctor gravida sem.', '1945-07-21', 4.47, 173),
(107, 25, 'Phasellus in felis.', '1967-11-20', 4.16, 150),
(108, 85, 'Vestibulum ante ipsum primis i', '1992-12-26', 1.17, 194),
(109, 73, 'Sed accumsan felis.', '1977-09-11', 1.85, 208),
(110, 34, 'In hac habitasse platea dictum', '1929-07-21', 4.7, 157),
(111, 94, 'Integer a nibh.', '1951-01-12', 4.93, 163),
(112, 50, 'In hac habitasse platea dictum', '1979-01-16', 4.34, 218),
(113, 67, 'Pellentesque viverra pede ac d', '1997-04-14', 1.45, 200),
(114, 44, 'Vestibulum ante ipsum primis i', '1974-03-11', 0.75, 223),
(115, 34, 'Etiam justo.', '1944-11-23', 1.46, 193),
(116, 88, 'Pellentesque eget nunc.', '1922-02-20', 1.99, 144),
(117, 56, 'Cum sociis natoque penatibus e', '2012-01-25', 2.94, 167),
(118, 35, 'Morbi non quam nec dui luctus ', '1954-07-18', 3.66, 169),
(119, 45, 'Pellentesque eget nunc.', '1931-02-07', 3.62, 157),
(120, 13, 'Suspendisse potenti.', '2009-04-29', 3.54, 178),
(121, 82, 'Nullam porttitor lacus at turp', '1936-05-16', 4.44, 228),
(122, 87, 'Nullam sit amet turpis element', '1994-03-03', 2.72, 138),
(123, 58, 'Quisque porta volutpat erat.', '1948-05-15', 0.02, 201),
(124, 23, 'Morbi sem mauris, laoreet ut, ', '1948-05-23', 4.53, 135),
(125, 23, 'Nulla nisl.', '1992-10-23', 3.48, 158),
(126, 16, 'Nam dui.', '2001-01-14', 2.94, 206),
(127, 51, 'Cum sociis natoque penatibus e', '1994-02-09', 4.35, 190),
(128, 40, 'Morbi odio odio, elementum eu,', '1992-04-29', 4.36, 179),
(129, 28, 'Mauris enim leo, rhoncus sed, ', '1964-03-03', 2.81, 199),
(130, 20, 'Donec vitae nisi.', '1959-06-15', 0.31, 161),
(131, 99, 'Phasellus in felis.', '1987-11-28', 1.69, 212),
(132, 18, 'Etiam vel augue.', '1930-01-26', 2.43, 153),
(133, 83, 'In congue.', '1974-06-21', 2.27, 206),
(134, 41, 'Aliquam augue quam, sollicitud', '1950-03-21', 3.99, 174),
(135, 74, 'Praesent blandit.', '1943-11-16', 0.13, 142),
(136, 8, 'Fusce congue, diam id ornare i', '1943-12-01', 0.01, 138),
(137, 11, 'Morbi non lectus.', '1997-07-15', 2.5, 204),
(138, 93, 'Fusce lacus purus, aliquet at,', '1920-05-25', 1.19, 133),
(139, 15, 'Ut at dolor quis odio consequa', '2014-06-13', 1.59, 162),
(140, 24, 'Maecenas leo odio, condimentum', '2006-01-05', 4.37, 236),
(141, 17, 'Integer a nibh.', '1957-10-04', 4.8, 237),
(142, 90, 'Nullam varius.', '1973-06-09', 4.81, 177),
(143, 100, 'Integer tincidunt ante vel ips', '2003-07-30', 1.61, 202),
(144, 72, 'Praesent lectus.', '1988-04-19', 1.42, 209),
(145, 13, 'Suspendisse potenti.', '1988-01-28', 2.59, 155),
(146, 78, 'Suspendisse ornare consequat l', '1993-10-18', 0.74, 144),
(147, 22, 'Nulla tempus.', '1925-11-09', 1.04, 208),
(148, 63, 'Donec ut mauris eget massa tem', '1965-10-02', 0.54, 208),
(149, 32, 'In est risus, auctor sed, tris', '1942-05-10', 4.43, 157),
(150, 50, 'Praesent blandit.', '1965-03-02', 0.92, 238),
(151, 23, 'Phasellus id sapien in sapien ', '1922-09-08', 0.75, 122),
(152, 13, 'Donec vitae nisi.', '1968-04-30', 0.32, 164),
(153, 8, 'In tempor, turpis nec euismod ', '1985-06-10', 1.92, 131),
(154, 6, 'Quisque porta volutpat erat.', '1935-03-25', 0.64, 185),
(155, 66, 'Nam tristique tortor eu pede.', '1979-01-20', 1.49, 133),
(156, 89, 'Vestibulum ante ipsum primis i', '1948-01-02', 3.68, 145),
(157, 82, 'Lorem ipsum dolor sit amet, co', '1940-05-28', 2.99, 185),
(158, 60, 'Etiam justo.', '1920-10-18', 3.36, 217),
(159, 93, 'In hac habitasse platea dictum', '1946-11-29', 2.04, 128),
(160, 28, 'Vestibulum quam sapien, varius', '1992-06-02', 2.07, 151),
(161, 65, 'Morbi non quam nec dui luctus ', '1993-08-10', 4.62, 120),
(162, 88, 'Quisque porta volutpat erat.', '1973-11-15', 4.61, 181),
(163, 52, 'Duis bibendum, felis sed inter', '1954-12-13', 0.14, 156),
(164, 52, 'Morbi non quam nec dui luctus ', '1956-02-11', 2.49, 237),
(165, 13, 'Nulla nisl.', '1972-12-08', 3.72, 126),
(166, 76, 'Curabitur convallis.', '1948-10-28', 2.52, 232),
(167, 35, 'Nulla facilisi.', '1960-03-23', 1.02, 161),
(168, 34, 'In blandit ultrices enim.', '2012-03-16', 1.47, 200),
(169, 82, 'Maecenas ut massa quis augue l', '1921-08-23', 3.04, 201),
(170, 65, 'Ut tellus.', '1980-05-06', 1.66, 157),
(171, 4, 'Integer aliquet, massa id lobo', '1983-05-10', 3.45, 148),
(172, 11, 'Integer ac neque.', '1943-03-08', 4.87, 150),
(173, 6, 'Nullam sit amet turpis element', '2006-09-28', 2.74, 152),
(174, 57, 'Donec diam neque, vestibulum e', '1987-06-19', 3.45, 239),
(175, 44, 'Praesent id massa id nisl vene', '1938-09-11', 2.9, 158),
(176, 25, 'Quisque ut erat.', '1987-02-26', 4.36, 129),
(177, 59, 'Nam dui.', '2004-11-24', 2.37, 143),
(178, 97, 'Vestibulum ante ipsum primis i', '2001-12-09', 1.84, 215),
(179, 25, 'Praesent blandit.', '1973-03-03', 1.93, 239),
(180, 90, 'Morbi non quam nec dui luctus ', '1940-08-25', 3.26, 239),
(181, 56, 'Quisque porta volutpat erat.', '1920-11-23', 0.06, 210),
(182, 89, 'Vestibulum ante ipsum primis i', '1953-04-08', 0.74, 163),
(183, 31, 'Nam tristique tortor eu pede.', '1945-11-06', 2.49, 170),
(184, 100, 'Nulla facilisi.', '1928-02-03', 4.3, 211),
(185, 9, 'Etiam faucibus cursus urna.', '1983-04-28', 2.64, 235),
(186, 17, 'Donec posuere metus vitae ipsu', '1950-10-26', 1.82, 196),
(187, 32, 'Integer non velit.', '1920-02-04', 0.9, 131),
(188, 11, 'Maecenas pulvinar lobortis est', '2001-11-02', 2.62, 235),
(189, 6, 'Pellentesque viverra pede ac d', '1997-02-27', 4.68, 225),
(190, 69, 'Morbi quis tortor id nulla ult', '2014-06-06', 1.88, 209),
(191, 66, 'Morbi non quam nec dui luctus ', '1969-09-10', 2.86, 181),
(192, 26, 'Suspendisse ornare consequat l', '1979-08-22', 3.95, 173),
(193, 29, 'Aliquam non mauris.', '2015-03-25', 0.52, 127),
(194, 15, 'Cum sociis natoque penatibus e', '2012-10-29', 4.8, 214),
(195, 32, 'Praesent blandit lacinia erat.', '1964-03-31', 1.4, 182),
(196, 76, 'Aenean sit amet justo.', '1976-07-22', 1.96, 178),
(197, 90, 'Nulla tempus.', '1920-09-14', 3.68, 143),
(198, 49, 'In hac habitasse platea dictum', '1976-12-25', 3.28, 235),
(199, 45, 'Curabitur gravida nisi at nibh', '1993-08-27', 3.65, 235),
(200, 80, 'Donec dapibus.', '1997-07-08', 1.66, 161),
(201, 20, 'In eleifend quam a odio.', '1969-03-25', 1.81, 177),
(202, 81, 'Cras pellentesque volutpat dui', '1975-09-03', 3.13, 177),
(203, 45, 'Maecenas pulvinar lobortis est', '1993-03-30', 3.59, 151),
(204, 63, 'Morbi porttitor lorem id ligul', '1998-12-14', 0.48, 233),
(205, 49, 'Nam nulla.', '2008-07-04', 3.21, 213),
(206, 87, 'Quisque arcu libero, rutrum ac', '1966-03-29', 2.58, 149),
(207, 26, 'Vivamus in felis eu sapien cur', '1976-04-03', 2.32, 232),
(208, 10, 'Quisque id justo sit amet sapi', '2002-05-03', 2.13, 209),
(209, 77, 'Nullam molestie nibh in lectus', '1959-10-14', 2.82, 161),
(210, 60, 'Donec semper sapien a libero.', '1974-05-27', 0.08, 164),
(211, 19, 'Nulla facilisi.', '1940-05-24', 1.45, 155),
(212, 94, 'Nam tristique tortor eu pede.', '1995-06-27', 0.15, 126),
(213, 86, 'In hac habitasse platea dictum', '1953-11-24', 4.64, 217),
(214, 63, 'Nam nulla.', '1994-06-19', 1.87, 121),
(215, 94, 'Cum sociis natoque penatibus e', '1989-06-29', 1.02, 216),
(216, 82, 'Nulla suscipit ligula in lacus', '1982-10-20', 3.85, 196),
(217, 87, 'Nulla suscipit ligula in lacus', '1928-04-11', 4.61, 191),
(218, 86, 'Praesent blandit lacinia erat.', '2002-01-30', 3.66, 197),
(219, 1, 'Donec semper sapien a libero.', '1930-08-20', 1.74, 165),
(220, 73, 'Curabitur at ipsum ac tellus s', '1983-11-18', 1.21, 172),
(221, 64, 'Pellentesque viverra pede ac d', '1962-04-01', 0.17, 174),
(222, 70, 'Integer non velit.', '2007-02-19', 3.11, 189),
(223, 93, 'In hac habitasse platea dictum', '1978-04-06', 2.99, 174),
(224, 59, 'Pellentesque ultrices mattis o', '2014-02-24', 1.81, 236),
(225, 27, 'Sed vel enim sit amet nunc viv', '1980-01-18', 0.44, 147),
(226, 66, 'Nam nulla.', '1927-02-04', 1.05, 155),
(227, 63, 'In congue.', '1994-10-07', 0.73, 131),
(228, 31, 'In hac habitasse platea dictum', '2013-09-21', 1.82, 240),
(229, 54, 'In hac habitasse platea dictum', '1969-10-06', 1.11, 153),
(230, 52, 'Donec vitae nisi.', '1966-01-19', 3.53, 123),
(231, 14, 'Mauris ullamcorper purus sit a', '1988-07-07', 3.56, 128),
(232, 80, 'Maecenas tristique, est et tem', '1938-08-26', 0.36, 185),
(233, 73, 'Praesent blandit lacinia erat.', '1923-07-15', 4.02, 133),
(234, 62, 'Pellentesque eget nunc.', '1994-10-19', 4.14, 216),
(235, 78, 'In sagittis dui vel nisl.', '1969-06-14', 1.39, 174),
(236, 32, 'Vestibulum quam sapien, varius', '1972-08-23', 4, 201),
(237, 4, 'Aenean sit amet justo.', '1951-06-28', 1.08, 213),
(238, 67, 'Curabitur gravida nisi at nibh', '1978-03-11', 3.72, 137),
(239, 91, 'Sed sagittis.', '1962-12-22', 2.87, 131),
(240, 73, 'In tempor, turpis nec euismod ', '1957-02-15', 4.85, 158),
(241, 100, 'Pellentesque viverra pede ac d', '1954-12-05', 2.91, 234),
(242, 36, 'Curabitur convallis.', '1995-03-18', 3.83, 187),
(243, 21, 'Vivamus vel nulla eget eros el', '1938-01-01', 0.26, 190),
(244, 23, 'Maecenas tincidunt lacus at ve', '1969-05-04', 0.36, 121),
(245, 25, 'Duis at velit eu est congue el', '1941-11-04', 0.79, 197),
(246, 11, 'Proin interdum mauris non ligu', '2010-10-11', 2.3, 122),
(247, 92, 'Ut at dolor quis odio consequa', '2006-04-15', 2.86, 174),
(248, 89, 'Maecenas leo odio, condimentum', '1931-12-05', 4.75, 198),
(249, 44, 'Duis consequat dui nec nisi vo', '1977-07-27', 0.47, 223),
(250, 40, 'Sed vel enim sit amet nunc viv', '1966-06-01', 4.93, 224),
(251, 97, 'Donec quis orci eget orci vehi', '1995-10-01', 3.68, 167),
(252, 77, 'In quis justo.', '2011-01-18', 3.28, 153),
(253, 89, 'Suspendisse potenti.', '2009-11-15', 3.54, 132),
(254, 30, 'In hac habitasse platea dictum', '1953-02-17', 4, 179),
(255, 8, 'Lorem ipsum dolor sit amet, co', '1942-12-18', 2.1, 225),
(256, 60, 'Maecenas ut massa quis augue l', '1956-02-16', 2.22, 151),
(257, 33, 'Duis bibendum.', '1973-01-24', 3.81, 126),
(258, 80, 'Nulla facilisi.', '1965-10-10', 3.87, 144),
(259, 56, 'Proin at turpis a pede posuere', '1928-03-19', 2.62, 205),
(260, 96, 'Duis aliquam convallis nunc.', '1937-09-13', 1.64, 192),
(261, 41, 'Fusce posuere felis sed lacus.', '1934-09-20', 4.43, 133),
(262, 52, 'Morbi porttitor lorem id ligul', '1968-01-17', 3.83, 152),
(263, 35, 'Vestibulum ante ipsum primis i', '1957-04-11', 3.67, 151),
(264, 56, 'Pellentesque at nulla.', '2008-12-25', 1.45, 199),
(265, 4, 'Duis aliquam convallis nunc.', '2014-02-25', 3.67, 158),
(266, 9, 'Donec posuere metus vitae ipsu', '2010-12-30', 3.79, 185),
(267, 16, 'Aenean sit amet justo.', '1927-07-31', 0.95, 132),
(268, 89, 'Nulla tellus.', '2011-08-14', 0.77, 160),
(269, 68, 'Vivamus vel nulla eget eros el', '2006-09-13', 0.22, 120),
(270, 40, 'In hac habitasse platea dictum', '1977-12-03', 4.17, 212),
(271, 87, 'Vestibulum ac est lacinia nisi', '1944-05-08', 1.78, 215),
(272, 59, 'Morbi porttitor lorem id ligul', '2007-08-21', 0.11, 221),
(273, 16, 'Curabitur gravida nisi at nibh', '1979-11-05', 0.19, 233),
(274, 68, 'Cum sociis natoque penatibus e', '2012-04-15', 2.9, 221),
(275, 65, 'Cras in purus eu magna vulputa', '1993-03-19', 4.41, 134),
(276, 43, 'In hac habitasse platea dictum', '1956-10-19', 2.27, 161),
(277, 27, 'Aliquam quis turpis eget elit ', '1968-06-15', 0.1, 155),
(278, 14, 'Sed sagittis.', '1986-12-06', 0.31, 153),
(279, 53, 'Cras non velit nec nisi vulput', '1981-12-28', 2.29, 150),
(280, 100, 'Mauris sit amet eros.', '2005-07-07', 0.66, 162),
(281, 14, 'Maecenas pulvinar lobortis est', '2014-07-16', 0.09, 134),
(282, 14, 'Suspendisse potenti.', '1920-08-25', 3.55, 239),
(283, 17, 'Nulla ut erat id mauris vulput', '2011-05-24', 1.9, 129),
(284, 8, 'Duis bibendum.', '2013-08-09', 2.53, 145),
(285, 93, 'Lorem ipsum dolor sit amet, co', '1982-07-11', 0.53, 125),
(286, 82, 'Cum sociis natoque penatibus e', '1993-04-23', 2.77, 203),
(287, 47, 'Pellentesque at nulla.', '1920-01-06', 3.44, 176),
(288, 64, 'Quisque ut erat.', '1940-04-09', 1.4, 232),
(289, 45, 'Morbi porttitor lorem id ligul', '1960-09-13', 3.69, 175),
(290, 16, 'Proin risus.', '1982-01-23', 0.55, 175),
(291, 64, 'Fusce consequat.', '1938-12-26', 3.75, 215),
(292, 41, 'Morbi non quam nec dui luctus ', '1942-04-03', 1.88, 211),
(293, 48, 'Quisque arcu libero, rutrum ac', '1986-07-05', 4.75, 239),
(294, 41, 'Ut at dolor quis odio consequa', '1982-02-13', 3.7, 121),
(295, 6, 'Quisque erat eros, viverra ege', '1983-03-07', 4.38, 186),
(296, 94, 'Vivamus in felis eu sapien cur', '2003-12-11', 3.67, 122),
(297, 10, 'Suspendisse ornare consequat l', '1973-11-02', 0.05, 207),
(298, 47, 'In hac habitasse platea dictum', '1924-04-25', 1.96, 195),
(299, 1, 'Duis bibendum, felis sed inter', '1958-12-29', 1.88, 211),
(300, 44, 'Donec ut mauris eget massa tem', '1955-11-19', 1.14, 237),
(301, 21, 'Nulla ut erat id mauris vulput', '1922-07-21', 1.28, 204),
(302, 12, 'Nam ultrices, libero non matti', '1923-09-17', 0.46, 152),
(303, 51, 'Curabitur at ipsum ac tellus s', '1945-12-29', 2.01, 189),
(304, 11, 'Praesent lectus.', '1995-04-16', 4.73, 223),
(305, 6, 'Proin eu mi.', '1944-11-01', 0.61, 177),
(306, 37, 'Vivamus tortor.', '2007-05-05', 1.8, 174),
(307, 49, 'Praesent lectus.', '1997-04-03', 0.6, 145),
(308, 37, 'Pellentesque ultrices mattis o', '1953-12-07', 4.1, 198),
(309, 3, 'Etiam justo.', '1980-03-01', 2.07, 225),
(310, 55, 'Vestibulum rutrum rutrum neque', '1993-10-02', 2.21, 146),
(311, 5, 'In tempor, turpis nec euismod ', '1928-02-18', 3.1, 155),
(312, 57, 'Donec dapibus.', '1924-08-01', 2.69, 235),
(313, 89, 'Morbi porttitor lorem id ligul', '1984-04-20', 3.23, 153),
(314, 27, 'Pellentesque viverra pede ac d', '1954-12-30', 1.23, 206),
(315, 71, 'Donec odio justo, sollicitudin', '1947-05-20', 1.18, 165),
(316, 13, 'Nulla mollis molestie lorem.', '1964-05-04', 3.71, 186),
(317, 89, 'Donec quis orci eget orci vehi', '1947-11-22', 2.45, 188),
(318, 64, 'Praesent blandit.', '1979-01-21', 2.49, 198),
(319, 60, 'Suspendisse potenti.', '1972-05-29', 2.11, 157),
(320, 26, 'Nulla ac enim.', '2000-02-25', 2.93, 165),
(321, 37, 'Morbi porttitor lorem id ligul', '2013-04-17', 2.01, 157),
(322, 3, 'Quisque porta volutpat erat.', '2005-10-11', 3.32, 216),
(323, 47, 'Maecenas pulvinar lobortis est', '1984-12-30', 4.66, 155),
(324, 74, 'Etiam faucibus cursus urna.', '2009-04-24', 1.37, 209),
(325, 68, 'Integer aliquet, massa id lobo', '1962-09-29', 0.97, 187),
(326, 1, 'Fusce consequat.', '1943-03-14', 3.34, 163),
(327, 39, 'Vivamus vel nulla eget eros el', '1954-06-20', 4.26, 180),
(328, 72, 'Nulla tellus.', '1954-11-21', 0.54, 160),
(329, 96, 'Nullam molestie nibh in lectus', '2007-11-09', 2.5, 160),
(330, 22, 'Nullam sit amet turpis element', '1977-01-23', 3.59, 130),
(331, 67, 'Duis bibendum, felis sed inter', '1974-04-12', 4.59, 215),
(332, 71, 'Maecenas tristique, est et tem', '1985-10-21', 2.86, 132),
(333, 44, 'Proin risus.', '2012-08-23', 3.05, 174),
(334, 52, 'Nulla mollis molestie lorem.', '1965-11-11', 3.36, 240),
(335, 50, 'Nullam sit amet turpis element', '2015-01-02', 1.04, 210),
(336, 52, 'Sed ante.', '1993-07-24', 1.83, 142),
(337, 51, 'Mauris ullamcorper purus sit a', '2010-01-27', 1.52, 190),
(338, 78, 'Morbi porttitor lorem id ligul', '1966-04-16', 3.8, 232),
(339, 32, 'Nulla mollis molestie lorem.', '1960-05-04', 4.78, 134),
(340, 53, 'Praesent blandit.', '1999-10-13', 0.67, 143),
(341, 9, 'In congue.', '2007-11-27', 1.67, 176),
(342, 94, 'Aliquam erat volutpat.', '1989-01-20', 2.86, 186),
(343, 46, 'Fusce congue, diam id ornare i', '1928-02-23', 3.94, 149),
(344, 76, 'Mauris lacinia sapien quis lib', '1963-12-29', 4.31, 127),
(345, 100, 'Praesent lectus.', '1956-08-22', 1.94, 192),
(346, 4, 'Nunc rhoncus dui vel sem.', '1947-05-01', 1.43, 126),
(347, 94, 'Etiam pretium iaculis justo.', '2002-03-24', 3.4, 210),
(348, 45, 'Nam congue, risus semper porta', '1945-10-28', 0.13, 218),
(349, 69, 'Proin eu mi.', '1984-07-13', 3.66, 215),
(350, 37, 'In blandit ultrices enim.', '1953-06-22', 3.45, 180),
(351, 88, 'Pellentesque viverra pede ac d', '1965-05-22', 0.76, 188),
(352, 86, 'Aliquam augue quam, sollicitud', '1986-06-07', 1.3, 135),
(353, 14, 'Integer a nibh.', '1972-09-29', 4.38, 128),
(354, 59, 'Vestibulum ante ipsum primis i', '1987-03-20', 0.43, 177),
(355, 41, 'Vestibulum rutrum rutrum neque', '1941-12-23', 4.55, 157),
(356, 71, 'Praesent id massa id nisl vene', '1954-09-30', 0.11, 209),
(357, 35, 'Phasellus in felis.', '2012-02-12', 2.93, 129),
(358, 97, 'Nam congue, risus semper porta', '1936-01-21', 0.2, 125),
(359, 24, 'Pellentesque eget nunc.', '1966-06-10', 1.3, 221),
(360, 3, 'Lorem ipsum dolor sit amet, co', '1975-07-28', 4.36, 202),
(361, 89, 'Nulla tellus.', '1988-03-13', 4.94, 228),
(362, 85, 'Praesent blandit.', '2010-08-19', 1.08, 139),
(363, 24, 'Sed ante.', '1973-11-12', 4.33, 136),
(364, 99, 'Donec dapibus.', '1933-05-11', 4.23, 142),
(365, 46, 'In hac habitasse platea dictum', '2007-05-31', 3.65, 124),
(366, 94, 'Duis ac nibh.', '2012-05-06', 4.79, 193),
(367, 73, 'Vivamus vel nulla eget eros el', '1996-11-27', 3.49, 146),
(368, 9, 'Mauris sit amet eros.', '1966-11-06', 1.9, 169),
(369, 46, 'In blandit ultrices enim.', '1936-09-25', 0.44, 240),
(370, 28, 'Nam tristique tortor eu pede.', '1933-06-04', 0.09, 178),
(371, 56, 'Vestibulum rutrum rutrum neque', '1949-10-02', 3.54, 141),
(372, 15, 'Cum sociis natoque penatibus e', '1992-04-25', 1.19, 164),
(373, 68, 'Nam congue, risus semper porta', '1924-01-23', 2.48, 196),
(374, 44, 'Quisque porta volutpat erat.', '1929-04-20', 2.19, 154),
(375, 85, 'Morbi odio odio, elementum eu,', '1929-11-15', 1.76, 239),
(376, 50, 'Etiam faucibus cursus urna.', '1990-11-13', 3.29, 224),
(377, 91, 'Nulla tempus.', '1929-10-13', 0.36, 197),
(378, 5, 'Nam congue, risus semper porta', '1936-03-17', 0.02, 139),
(379, 70, 'Nullam sit amet turpis element', '1954-12-31', 4.48, 136),
(380, 86, 'Vivamus in felis eu sapien cur', '1972-11-07', 0.57, 219),
(381, 90, 'In eleifend quam a odio.', '2004-02-18', 0.37, 146),
(382, 84, 'Fusce posuere felis sed lacus.', '2011-03-26', 3.6, 122),
(383, 29, 'Maecenas ut massa quis augue l', '1978-03-29', 1.48, 166),
(384, 27, 'Donec dapibus.', '1924-10-01', 1.51, 188),
(385, 60, 'Nullam porttitor lacus at turp', '1928-10-30', 1.66, 160),
(386, 74, 'In hac habitasse platea dictum', '1981-12-01', 0.97, 169),
(387, 32, 'Curabitur at ipsum ac tellus s', '1942-03-27', 2.32, 150),
(388, 66, 'Praesent id massa id nisl vene', '2001-03-18', 4.58, 216),
(389, 63, 'Morbi ut odio.', '1955-09-21', 2.04, 172),
(390, 98, 'Integer non velit.', '1994-01-28', 1.31, 197),
(391, 76, 'Fusce posuere felis sed lacus.', '1921-01-17', 2.42, 219),
(392, 7, 'Fusce posuere felis sed lacus.', '1991-03-27', 4.89, 201),
(393, 84, 'Vestibulum quam sapien, varius', '1958-09-16', 1.55, 121),
(394, 17, 'Duis aliquam convallis nunc.', '1929-08-27', 0.14, 204),
(395, 48, 'Vestibulum ante ipsum primis i', '1978-05-21', 0.08, 227),
(396, 97, 'Donec ut dolor.', '1968-01-09', 1.22, 138),
(397, 41, 'Cras pellentesque volutpat dui', '1966-12-10', 0.37, 233),
(398, 88, 'Nam congue, risus semper porta', '1945-04-04', 0.2, 192),
(399, 94, 'Morbi sem mauris, laoreet ut, ', '1942-11-12', 0.65, 144),
(400, 4, 'Curabitur gravida nisi at nibh', '1938-04-19', 4.32, 124),
(401, 45, 'Quisque id justo sit amet sapi', '1988-05-23', 4.95, 201),
(402, 53, 'Morbi porttitor lorem id ligul', '1988-02-09', 2.63, 233),
(403, 49, 'Nulla justo.', '1946-06-13', 1.38, 144),
(404, 8, 'In hac habitasse platea dictum', '1939-03-03', 4.37, 161),
(405, 8, 'Integer ac leo.', '2013-09-19', 2.61, 231),
(406, 58, 'Vestibulum ante ipsum primis i', '1993-11-04', 0.97, 189),
(407, 81, 'Vestibulum ante ipsum primis i', '1953-08-27', 1.21, 194),
(408, 18, 'Morbi non lectus.', '1950-06-22', 4.14, 154),
(409, 98, 'Sed ante.', '1976-05-07', 4.46, 137),
(410, 77, 'Maecenas tincidunt lacus at ve', '1934-09-10', 4.63, 220),
(411, 35, 'Morbi vestibulum, velit id pre', '1945-05-25', 0.77, 133),
(412, 76, 'Morbi non quam nec dui luctus ', '1935-10-15', 3.09, 177),
(413, 92, 'In est risus, auctor sed, tris', '1920-07-07', 1.44, 207),
(414, 51, 'Fusce congue, diam id ornare i', '1942-12-05', 0.3, 234),
(415, 95, 'In hac habitasse platea dictum', '1927-03-14', 3.38, 172),
(416, 56, 'Ut tellus.', '1960-05-05', 2.09, 192),
(417, 38, 'Phasellus in felis.', '1937-04-22', 3.75, 227),
(418, 14, 'Lorem ipsum dolor sit amet, co', '1978-07-01', 1.19, 182),
(419, 55, 'In hac habitasse platea dictum', '1962-10-17', 2.81, 191),
(420, 65, 'Donec ut mauris eget massa tem', '1932-04-14', 3.68, 229),
(421, 41, 'Sed sagittis.', '1938-11-03', 1.61, 144),
(422, 97, 'Maecenas tristique, est et tem', '1941-10-14', 0.76, 142),
(423, 36, 'Morbi a ipsum.', '1990-06-09', 0.93, 168),
(424, 42, 'Pellentesque at nulla.', '1953-10-06', 4.26, 192),
(425, 81, 'In hac habitasse platea dictum', '2005-04-27', 4.76, 148),
(426, 14, 'Curabitur at ipsum ac tellus s', '1998-01-26', 3.33, 168),
(427, 68, 'Vestibulum rutrum rutrum neque', '1976-04-15', 3.45, 194),
(428, 75, 'Morbi quis tortor id nulla ult', '1930-10-16', 0.88, 162),
(429, 23, 'Quisque arcu libero, rutrum ac', '1930-08-11', 2.03, 237),
(430, 65, 'Mauris sit amet eros.', '2009-12-11', 1.23, 171),
(431, 39, 'In est risus, auctor sed, tris', '1941-12-20', 0.31, 233),
(432, 25, 'Donec ut dolor.', '2002-12-17', 3.83, 200),
(433, 91, 'Ut at dolor quis odio consequa', '1942-05-12', 4.05, 197),
(434, 44, 'Quisque erat eros, viverra ege', '1934-06-04', 0.15, 218),
(435, 47, 'Phasellus sit amet erat.', '1946-05-17', 1.72, 178),
(436, 95, 'Nulla neque libero, convallis ', '1956-02-29', 2.4, 197),
(437, 38, 'Ut at dolor quis odio consequa', '1944-09-14', 1.19, 205),
(438, 89, 'Integer pede justo, lacinia eg', '1935-08-05', 1.66, 164),
(439, 37, 'Phasellus id sapien in sapien ', '1970-08-12', 1.52, 199),
(440, 80, 'Morbi porttitor lorem id ligul', '1995-06-22', 0, 210),
(441, 80, 'In hac habitasse platea dictum', '1963-10-09', 1.9, 220),
(442, 40, 'Duis at velit eu est congue el', '1976-10-04', 0.57, 233),
(443, 94, 'Integer ac neque.', '1973-05-06', 1.82, 124),
(444, 79, 'Maecenas pulvinar lobortis est', '1973-10-03', 1.41, 148),
(445, 1, 'Duis consequat dui nec nisi vo', '1946-10-18', 1.18, 217),
(446, 6, 'Nunc purus.', '1921-10-15', 4.98, 123),
(447, 40, 'Integer ac leo.', '1994-12-10', 4.18, 195),
(448, 78, 'Vestibulum ante ipsum primis i', '1995-05-23', 1.21, 208),
(449, 59, 'Morbi non lectus.', '1941-09-23', 2.12, 217),
(450, 55, 'Phasellus id sapien in sapien ', '2007-11-28', 3.93, 228),
(451, 97, 'Mauris ullamcorper purus sit a', '1941-09-14', 0.26, 204),
(452, 3, 'Phasellus in felis.', '1960-08-11', 2.18, 174),
(453, 90, 'Nulla neque libero, convallis ', '1965-12-22', 4.4, 158),
(454, 31, 'Nullam varius.', '1993-05-13', 2.28, 210),
(455, 21, 'Nam nulla.', '1944-02-25', 3.56, 148),
(456, 34, 'Duis bibendum.', '2004-12-26', 2.23, 187),
(457, 85, 'Nullam orci pede, venenatis no', '1993-02-23', 0.76, 121),
(458, 65, 'Cum sociis natoque penatibus e', '1945-10-03', 2.65, 146),
(459, 71, 'Morbi porttitor lorem id ligul', '1925-01-17', 4.03, 163),
(460, 40, 'Proin at turpis a pede posuere', '1964-12-15', 1.4, 203),
(461, 23, 'Etiam pretium iaculis justo.', '1995-04-20', 4.95, 135),
(462, 97, 'Mauris lacinia sapien quis lib', '1963-04-03', 0.04, 144),
(463, 87, 'Phasellus id sapien in sapien ', '2002-11-29', 4.94, 233),
(464, 97, 'In hac habitasse platea dictum', '1987-08-22', 2.14, 188),
(465, 61, 'Proin at turpis a pede posuere', '1933-10-06', 4.55, 148),
(466, 6, 'Aenean auctor gravida sem.', '1948-10-19', 1.85, 205),
(467, 63, 'Nulla tempus.', '1998-11-27', 1.62, 133),
(468, 100, 'Vivamus tortor.', '1924-08-03', 3.83, 151),
(469, 72, 'Maecenas tincidunt lacus at ve', '1922-11-16', 2.19, 129),
(470, 30, 'Duis at velit eu est congue el', '1975-09-03', 0.07, 171),
(471, 51, 'Duis ac nibh.', '1986-05-11', 1.71, 215),
(472, 93, 'In blandit ultrices enim.', '1927-06-21', 1.11, 209),
(473, 78, 'Suspendisse potenti.', '1995-12-08', 4.16, 166),
(474, 28, 'Integer tincidunt ante vel ips', '1970-12-05', 2.15, 211),
(475, 39, 'Mauris ullamcorper purus sit a', '1991-04-12', 2.09, 177),
(476, 14, 'Phasellus id sapien in sapien ', '1944-04-02', 3.69, 238),
(477, 22, 'Nulla nisl.', '2000-05-16', 4.89, 225),
(478, 1, 'Nam tristique tortor eu pede.', '2007-06-04', 4.63, 126),
(479, 25, 'Duis mattis egestas metus.', '1971-02-26', 0.6, 195),
(480, 56, 'Fusce consequat.', '1932-12-26', 2.41, 178),
(481, 75, 'Aenean fermentum.', '1936-12-14', 4.46, 211),
(482, 9, 'Nulla ut erat id mauris vulput', '1931-08-13', 4.85, 215),
(483, 61, 'Maecenas tristique, est et tem', '1980-05-11', 1.63, 125),
(484, 32, 'Vestibulum ante ipsum primis i', '1987-06-03', 2.18, 204),
(485, 98, 'Integer pede justo, lacinia eg', '1978-05-23', 0.3, 222),
(486, 17, 'Proin interdum mauris non ligu', '1932-10-20', 3.19, 166),
(487, 33, 'Proin interdum mauris non ligu', '1931-01-27', 1.04, 235),
(488, 50, 'Vivamus vel nulla eget eros el', '1954-07-23', 0.61, 156),
(489, 48, 'Nam ultrices, libero non matti', '1921-08-11', 2.41, 237),
(490, 14, 'Nulla suscipit ligula in lacus', '1980-01-27', 4.95, 195),
(491, 84, 'Mauris ullamcorper purus sit a', '1999-08-27', 2.35, 167),
(492, 70, 'Integer ac leo.', '1982-01-01', 4.39, 155),
(493, 14, 'Aliquam sit amet diam in magna', '1987-07-04', 2, 211),
(494, 69, 'Maecenas pulvinar lobortis est', '1932-04-02', 3.58, 187),
(495, 78, 'Donec diam neque, vestibulum e', '2005-06-21', 3.45, 228),
(496, 66, 'Nulla ut erat id mauris vulput', '1976-04-26', 1.67, 226),
(497, 84, 'Morbi sem mauris, laoreet ut, ', '1924-10-11', 0.21, 124),
(498, 70, 'Pellentesque at nulla.', '1931-01-21', 1.23, 163),
(499, 15, 'Suspendisse potenti.', '1991-12-15', 4.22, 121),
(500, 89, 'Maecenas ut massa quis augue l', '1943-05-08', 1.7, 217),
(501, 36, 'In hac habitasse platea dictum', '2004-06-20', 4.86, 126),
(502, 8, 'Lorem ipsum dolor sit amet, co', '2000-05-31', 4.86, 193),
(503, 94, 'Nam tristique tortor eu pede.', '1952-08-20', 2.85, 233),
(504, 15, 'Vestibulum ante ipsum primis i', '1926-12-07', 0.41, 222),
(505, 19, 'Donec semper sapien a libero.', '1991-08-25', 1.23, 189),
(506, 20, 'Proin leo odio, porttitor id, ', '1946-06-15', 3.08, 231),
(507, 81, 'In congue.', '2003-08-29', 0.66, 136),
(508, 98, 'Cum sociis natoque penatibus e', '1941-07-27', 2.33, 239),
(509, 49, 'Vestibulum quam sapien, varius', '1932-03-21', 2.55, 120),
(510, 3, 'Morbi non quam nec dui luctus ', '1996-05-14', 3.37, 230),
(511, 99, 'Quisque erat eros, viverra ege', '2002-09-22', 3.06, 200),
(512, 66, 'Integer ac leo.', '1946-06-20', 0.03, 194),
(513, 5, 'Duis ac nibh.', '1957-07-08', 4.97, 203),
(514, 63, 'Praesent blandit lacinia erat.', '1930-06-03', 3, 162),
(515, 27, 'Integer tincidunt ante vel ips', '1931-03-02', 0.95, 224),
(516, 95, 'Aliquam augue quam, sollicitud', '1942-03-28', 3.2, 121),
(517, 16, 'In congue.', '1930-04-29', 0.17, 125),
(518, 67, 'Donec semper sapien a libero.', '1950-11-09', 0.39, 238),
(519, 81, 'Morbi porttitor lorem id ligul', '1974-04-21', 1, 168),
(520, 99, 'Duis bibendum, felis sed inter', '1996-10-07', 0.88, 222),
(521, 55, 'Mauris enim leo, rhoncus sed, ', '1936-07-08', 4.33, 188),
(522, 35, 'Aliquam non mauris.', '1980-12-28', 2.86, 190),
(523, 86, 'Quisque erat eros, viverra ege', '1974-11-27', 1.16, 188),
(524, 9, 'Nullam sit amet turpis element', '1948-09-04', 0.96, 182),
(525, 76, 'Nulla nisl.', '1979-05-20', 4.5, 205),
(526, 43, 'Proin interdum mauris non ligu', '1925-11-19', 4.17, 207),
(527, 65, 'Suspendisse potenti.', '2006-11-02', 3.76, 133),
(528, 53, 'Duis at velit eu est congue el', '1922-01-09', 4.93, 172),
(529, 25, 'Integer pede justo, lacinia eg', '2011-10-31', 2.43, 128),
(530, 79, 'Nulla justo.', '1957-09-18', 0.52, 230),
(531, 82, 'Vivamus vel nulla eget eros el', '1936-10-27', 4.31, 224),
(532, 28, 'Aliquam sit amet diam in magna', '1970-03-06', 2.35, 121),
(533, 48, 'Praesent id massa id nisl vene', '2000-07-07', 3.6, 199),
(534, 80, 'Nunc rhoncus dui vel sem.', '1950-07-17', 3.02, 141),
(535, 57, 'Nulla tellus.', '2010-09-07', 3.66, 182),
(536, 39, 'Duis bibendum.', '1970-10-10', 2.54, 171),
(537, 19, 'Curabitur at ipsum ac tellus s', '2012-04-11', 2.56, 188),
(538, 24, 'Mauris sit amet eros.', '1932-01-25', 4.63, 130),
(539, 46, 'Mauris enim leo, rhoncus sed, ', '1990-07-13', 3.5, 238),
(540, 62, 'Praesent lectus.', '1968-09-09', 2.47, 164),
(541, 80, 'In congue.', '1947-07-15', 2.68, 229),
(542, 20, 'Maecenas pulvinar lobortis est', '2000-01-20', 4.45, 122),
(543, 98, 'Fusce congue, diam id ornare i', '1997-12-13', 1.11, 125),
(544, 22, 'Vestibulum quam sapien, varius', '2011-05-23', 4.75, 186),
(545, 14, 'Vivamus metus arcu, adipiscing', '1968-08-28', 0.94, 138),
(546, 49, 'Donec posuere metus vitae ipsu', '1950-05-31', 1.21, 168),
(547, 23, 'Morbi sem mauris, laoreet ut, ', '1966-09-24', 2.19, 192),
(548, 83, 'Nullam orci pede, venenatis no', '1952-03-08', 2.43, 126),
(549, 61, 'Pellentesque at nulla.', '1934-07-18', 3.77, 140),
(550, 13, 'Vivamus metus arcu, adipiscing', '1940-12-31', 0.13, 220),
(551, 32, 'Donec diam neque, vestibulum e', '1961-06-20', 4.57, 227),
(552, 27, 'In congue.', '2013-08-09', 1.55, 129),
(553, 32, 'Pellentesque at nulla.', '1992-10-23', 4.81, 146),
(554, 77, 'Sed ante.', '2012-11-21', 1.24, 128),
(555, 7, 'Integer tincidunt ante vel ips', '1981-06-13', 1.79, 189),
(556, 44, 'Pellentesque viverra pede ac d', '2004-12-27', 2.83, 210),
(557, 21, 'Cras mi pede, malesuada in, im', '1993-09-20', 3.21, 204),
(558, 84, 'Curabitur at ipsum ac tellus s', '1958-04-07', 4.56, 235),
(559, 42, 'Mauris lacinia sapien quis lib', '1997-07-07', 0.33, 187),
(560, 23, 'Sed vel enim sit amet nunc viv', '2011-04-25', 3.94, 187),
(561, 53, 'Vivamus vestibulum sagittis sa', '1954-12-10', 4.17, 182),
(562, 33, 'Fusce consequat.', '1936-05-26', 2.92, 159),
(563, 14, 'Suspendisse accumsan tortor qu', '1995-02-23', 2.13, 168),
(564, 35, 'Cras in purus eu magna vulputa', '2004-09-01', 3.18, 206),
(565, 21, 'Nulla tellus.', '1991-04-09', 0.93, 209),
(566, 4, 'Ut at dolor quis odio consequa', '1921-11-23', 0.7, 139),
(567, 49, 'Aenean fermentum.', '1971-08-18', 0.44, 215),
(568, 17, 'Phasellus sit amet erat.', '1978-03-03', 3.78, 167),
(569, 29, 'Nulla ac enim.', '1939-03-14', 0.93, 232),
(570, 60, 'Maecenas tincidunt lacus at ve', '1953-03-10', 4.87, 121),
(571, 87, 'In eleifend quam a odio.', '1999-09-03', 4.12, 227),
(572, 36, 'Integer aliquet, massa id lobo', '1982-05-21', 2.35, 177),
(573, 76, 'Morbi odio odio, elementum eu,', '1942-04-05', 1.84, 137),
(574, 35, 'Nam congue, risus semper porta', '1944-07-17', 2.2, 137),
(575, 20, 'Duis consequat dui nec nisi vo', '1922-03-20', 0.73, 191),
(576, 68, 'Curabitur in libero ut massa v', '1926-07-19', 3.26, 141),
(577, 97, 'Proin risus.', '1965-07-18', 4.84, 184),
(578, 52, 'Proin at turpis a pede posuere', '1929-10-06', 3.85, 160),
(579, 34, 'Vestibulum ac est lacinia nisi', '1945-12-20', 3.8, 166),
(580, 66, 'Morbi ut odio.', '1932-07-28', 0.14, 240),
(581, 41, 'Duis consequat dui nec nisi vo', '1965-07-25', 3.48, 194),
(582, 76, 'Cras pellentesque volutpat dui', '2002-03-10', 4.26, 166),
(583, 87, 'Etiam vel augue.', '1999-12-20', 0.9, 155),
(584, 83, 'Fusce posuere felis sed lacus.', '1992-06-02', 2.44, 223),
(585, 72, 'Nulla mollis molestie lorem.', '1960-06-11', 4.6, 136),
(586, 32, 'In tempor, turpis nec euismod ', '2004-09-28', 0.89, 232),
(587, 5, 'Nulla ac enim.', '1938-08-24', 2.79, 141),
(588, 96, 'Lorem ipsum dolor sit amet, co', '1945-10-03', 0.28, 172),
(589, 2, 'Donec ut mauris eget massa tem', '2008-05-23', 0.2, 184),
(590, 20, 'Lorem ipsum dolor sit amet, co', '1994-06-05', 3.3, 180),
(591, 18, 'Nulla justo.', '2005-07-25', 5, 228),
(592, 80, 'Nulla tempus.', '1999-07-25', 4.56, 125),
(593, 99, 'Quisque arcu libero, rutrum ac', '1934-03-25', 4.52, 211),
(594, 88, 'Vestibulum ante ipsum primis i', '1959-07-22', 2.43, 231),
(595, 84, 'Morbi sem mauris, laoreet ut, ', '1929-02-07', 0.84, 133),
(596, 10, 'Morbi porttitor lorem id ligul', '1944-02-10', 2.5, 184),
(597, 5, 'Suspendisse accumsan tortor qu', '1963-04-27', 2.8, 124),
(598, 32, 'Aliquam quis turpis eget elit ', '1977-06-03', 3.56, 120),
(599, 8, 'Vivamus in felis eu sapien cur', '1931-02-08', 2.59, 126),
(600, 64, 'Vestibulum sed magna at nunc c', '1991-03-27', 4.93, 168),
(601, 53, 'Morbi non lectus.', '1924-06-23', 0.76, 202),
(602, 97, 'Proin leo odio, porttitor id, ', '1987-02-25', 3.3, 133),
(603, 42, 'In est risus, auctor sed, tris', '1940-09-27', 4.62, 144),
(604, 99, 'Nulla tellus.', '1959-06-03', 0.61, 190),
(605, 91, 'Morbi sem mauris, laoreet ut, ', '1993-12-06', 0.84, 213),
(606, 20, 'Sed ante.', '2003-07-26', 2.24, 188),
(607, 11, 'Morbi quis tortor id nulla ult', '2004-07-27', 2.96, 232),
(608, 53, 'In quis justo.', '1963-01-31', 4.67, 218),
(609, 88, 'Quisque id justo sit amet sapi', '1985-12-20', 2.89, 180),
(610, 71, 'Integer tincidunt ante vel ips', '1933-07-09', 0.51, 222),
(611, 36, 'Cras non velit nec nisi vulput', '1974-06-24', 0.67, 230),
(612, 67, 'Praesent blandit.', '2013-08-09', 2.63, 219),
(613, 72, 'Donec posuere metus vitae ipsu', '1928-01-23', 1.86, 223),
(614, 24, 'Aenean fermentum.', '1951-07-03', 4.1, 141),
(615, 35, 'Fusce lacus purus, aliquet at,', '1981-06-04', 1.4, 233),
(616, 8, 'Vestibulum ante ipsum primis i', '1992-05-23', 4.63, 219),
(617, 16, 'Nullam varius.', '1989-07-28', 4.62, 189),
(618, 57, 'Praesent lectus.', '1922-11-04', 0.33, 222),
(619, 81, 'Fusce posuere felis sed lacus.', '2004-02-17', 1.36, 204),
(620, 58, 'Mauris ullamcorper purus sit a', '1943-05-25', 3.25, 222),
(621, 98, 'Donec diam neque, vestibulum e', '1939-10-07', 0.16, 165),
(622, 2, 'Duis at velit eu est congue el', '1967-11-13', 2.35, 182),
(623, 46, 'Morbi non quam nec dui luctus ', '1977-02-20', 2.47, 212),
(624, 93, 'Phasellus sit amet erat.', '1972-07-22', 0.66, 156),
(625, 83, 'Morbi ut odio.', '1973-11-04', 4.06, 204),
(626, 27, 'Duis mattis egestas metus.', '1971-08-06', 1.76, 165),
(627, 54, 'Donec semper sapien a libero.', '1980-07-06', 4.28, 181),
(628, 34, 'Fusce congue, diam id ornare i', '1972-08-12', 1.57, 134),
(629, 64, 'Curabitur convallis.', '1932-03-28', 4.28, 212),
(630, 21, 'Pellentesque ultrices mattis o', '1950-11-14', 1.15, 239),
(631, 4, 'Nullam sit amet turpis element', '1981-06-07', 0.29, 233),
(632, 55, 'Praesent blandit.', '1926-09-25', 0.61, 162),
(633, 72, 'In sagittis dui vel nisl.', '1944-10-26', 4.04, 238),
(634, 64, 'Praesent blandit lacinia erat.', '1995-09-26', 3.36, 138),
(635, 70, 'Sed accumsan felis.', '1932-11-19', 4.23, 230),
(636, 96, 'Aenean auctor gravida sem.', '1952-12-16', 2.46, 197),
(637, 34, 'Etiam vel augue.', '1975-06-19', 4.7, 145),
(638, 86, 'Fusce consequat.', '1981-11-17', 1.97, 187),
(639, 12, 'Sed sagittis.', '1924-10-28', 0.01, 157),
(640, 60, 'Morbi quis tortor id nulla ult', '1983-11-29', 0.07, 193),
(641, 60, 'Aenean fermentum.', '1945-04-11', 2.8, 195),
(642, 1, 'Praesent blandit lacinia erat.', '1982-11-22', 4.3, 136),
(643, 69, 'Vestibulum ante ipsum primis i', '1983-05-16', 2.96, 182),
(644, 62, 'Aliquam augue quam, sollicitud', '1933-11-26', 3.51, 190),
(645, 48, 'Vestibulum rutrum rutrum neque', '1975-01-27', 4.5, 240),
(646, 19, 'Donec ut dolor.', '1988-01-23', 1.8, 192),
(647, 65, 'Aliquam augue quam, sollicitud', '1995-01-31', 4.08, 230),
(648, 73, 'Vestibulum ante ipsum primis i', '1927-03-22', 2.2, 228),
(649, 43, 'Fusce congue, diam id ornare i', '1954-12-24', 0.44, 143),
(650, 95, 'Curabitur in libero ut massa v', '1961-05-22', 4.98, 123),
(651, 35, 'Aliquam non mauris.', '1989-07-18', 2.8, 230),
(652, 44, 'Nulla neque libero, convallis ', '1964-07-27', 0.66, 198),
(653, 67, 'Duis bibendum, felis sed inter', '1929-01-03', 3.64, 169),
(654, 64, 'Quisque ut erat.', '2006-05-01', 4.75, 210),
(655, 3, 'Vestibulum ante ipsum primis i', '1926-02-28', 2.84, 235),
(656, 57, 'Cum sociis natoque penatibus e', '1942-08-27', 4.44, 163),
(657, 15, 'Curabitur convallis.', '1944-11-28', 0.66, 174),
(658, 51, 'Etiam pretium iaculis justo.', '1956-08-27', 2.2, 211),
(659, 24, 'Etiam pretium iaculis justo.', '1972-03-11', 4.5, 234),
(660, 37, 'Vestibulum quam sapien, varius', '1920-12-22', 1.1, 206),
(661, 95, 'Nunc nisl.', '1957-11-22', 4.47, 211),
(662, 41, 'Mauris enim leo, rhoncus sed, ', '2004-04-08', 2.51, 232),
(663, 46, 'Vivamus metus arcu, adipiscing', '1928-09-27', 3, 217),
(664, 19, 'Fusce congue, diam id ornare i', '1979-07-31', 2.67, 162),
(665, 84, 'Nulla justo.', '1985-12-12', 1.78, 192),
(666, 100, 'Nulla nisl.', '1979-02-08', 4.09, 220),
(667, 36, 'Donec odio justo, sollicitudin', '1938-10-27', 1.27, 175),
(668, 98, 'Praesent id massa id nisl vene', '1922-04-17', 1.57, 181),
(669, 85, 'Aliquam non mauris.', '1980-10-23', 1.61, 188),
(670, 5, 'Cras non velit nec nisi vulput', '1973-10-10', 3.11, 221),
(671, 64, 'Morbi vel lectus in quam fring', '2000-08-17', 3.66, 168),
(672, 91, 'Praesent lectus.', '2011-01-05', 1.77, 137),
(673, 73, 'Duis consequat dui nec nisi vo', '1948-08-15', 2.21, 203),
(674, 70, 'Mauris sit amet eros.', '1974-09-08', 2.28, 240),
(675, 88, 'Duis bibendum.', '1933-12-16', 3.96, 123),
(676, 60, 'In quis justo.', '1963-11-28', 3.7, 202),
(677, 76, 'Vestibulum sed magna at nunc c', '1959-05-05', 4.49, 121),
(678, 61, 'In eleifend quam a odio.', '1980-02-07', 2.29, 212),
(679, 87, 'Vestibulum ac est lacinia nisi', '1983-10-20', 4.48, 202),
(680, 34, 'Morbi vestibulum, velit id pre', '2009-08-14', 2.15, 175),
(681, 68, 'Aenean sit amet justo.', '1958-10-15', 1.91, 239),
(682, 41, 'Morbi non quam nec dui luctus ', '1980-08-13', 4.94, 222),
(683, 55, 'Integer non velit.', '1960-05-29', 0.07, 210),
(684, 77, 'Duis consequat dui nec nisi vo', '1930-08-15', 0.68, 138),
(685, 40, 'Pellentesque ultrices mattis o', '1966-07-05', 2.81, 237),
(686, 55, 'Nunc nisl.', '1991-08-30', 0.31, 189),
(687, 100, 'Vestibulum sed magna at nunc c', '1965-04-15', 1.93, 131),
(688, 44, 'Cras mi pede, malesuada in, im', '1986-08-27', 0.3, 127),
(689, 45, 'Phasellus in felis.', '2012-09-08', 1.98, 132),
(690, 56, 'Cras mi pede, malesuada in, im', '1997-07-24', 1.33, 126),
(691, 65, 'Cras non velit nec nisi vulput', '1945-06-08', 0.49, 150),
(692, 97, 'In quis justo.', '1973-09-12', 0.73, 127),
(693, 12, 'Phasellus id sapien in sapien ', '1990-05-02', 0.33, 210),
(694, 96, 'Fusce congue, diam id ornare i', '1979-02-05', 2.56, 230),
(695, 63, 'Sed vel enim sit amet nunc viv', '1937-02-01', 3.53, 180),
(696, 44, 'Aenean fermentum.', '2013-06-29', 1.11, 206),
(697, 3, 'Phasellus id sapien in sapien ', '1924-01-24', 3.37, 136),
(698, 49, 'Morbi vel lectus in quam fring', '1949-10-11', 0.18, 125),
(699, 31, 'Cras non velit nec nisi vulput', '1936-04-05', 0.76, 178),
(700, 65, 'Aenean lectus.', '1994-01-01', 0.02, 186),
(701, 62, 'Duis bibendum.', '1944-04-13', 0.05, 129),
(702, 62, 'Curabitur gravida nisi at nibh', '1994-01-21', 0.71, 174),
(703, 74, 'Duis bibendum, felis sed inter', '1949-04-05', 3.07, 212),
(704, 89, 'Vivamus vestibulum sagittis sa', '1985-12-25', 4.11, 211),
(705, 99, 'Nullam orci pede, venenatis no', '1932-05-01', 3.5, 199),
(706, 15, 'Nullam sit amet turpis element', '1980-05-15', 3.27, 164),
(707, 32, 'Integer pede justo, lacinia eg', '1942-04-04', 3.96, 151),
(708, 2, 'Donec semper sapien a libero.', '1964-10-11', 1.36, 127),
(709, 73, 'Cras in purus eu magna vulputa', '2009-08-09', 3.03, 122),
(710, 50, 'Ut tellus.', '1964-08-22', 3.05, 134),
(711, 47, 'Quisque id justo sit amet sapi', '1966-06-17', 2.83, 175),
(712, 34, 'Nulla tellus.', '1994-03-11', 3.32, 177),
(713, 5, 'Nam dui.', '1969-11-20', 3.78, 238),
(714, 91, 'Integer aliquet, massa id lobo', '1922-02-03', 3.93, 200),
(715, 15, 'Integer ac leo.', '1940-02-19', 4.75, 240),
(716, 84, 'Donec dapibus.', '1927-02-24', 1.96, 154),
(717, 7, 'Nulla tellus.', '1965-03-12', 3.01, 213),
(718, 39, 'Cras in purus eu magna vulputa', '2003-05-25', 1.99, 231),
(719, 67, 'Vestibulum ante ipsum primis i', '1933-06-23', 2.52, 225),
(720, 44, 'Vestibulum ante ipsum primis i', '1989-05-22', 0.91, 128),
(721, 86, 'Suspendisse potenti.', '1936-07-06', 3.59, 236),
(722, 17, 'Nulla tellus.', '1985-09-01', 4.61, 228),
(723, 14, 'Suspendisse ornare consequat l', '1988-09-17', 4.68, 180),
(724, 85, 'Lorem ipsum dolor sit amet, co', '2005-07-30', 4.28, 211),
(725, 10, 'Etiam justo.', '1997-08-13', 2.64, 146),
(726, 26, 'Nullam molestie nibh in lectus', '1974-03-10', 2.59, 124),
(727, 40, 'Cum sociis natoque penatibus e', '2008-11-12', 3.5, 203),
(728, 30, 'Fusce consequat.', '1923-12-29', 3.67, 173),
(729, 31, 'Phasellus id sapien in sapien ', '2013-06-21', 0.39, 222),
(730, 18, 'Donec quis orci eget orci vehi', '1994-05-21', 0.43, 210),
(731, 22, 'Nulla ac enim.', '1975-07-30', 2.64, 215),
(732, 49, 'Integer pede justo, lacinia eg', '1929-06-14', 2.05, 177),
(733, 83, 'Integer tincidunt ante vel ips', '1990-12-10', 4.53, 122),
(734, 97, 'Nullam porttitor lacus at turp', '1928-06-25', 3.71, 200),
(735, 63, 'Phasellus id sapien in sapien ', '1926-10-15', 1.73, 169),
(736, 73, 'Proin at turpis a pede posuere', '2006-02-19', 4.43, 180),
(737, 60, 'Pellentesque ultrices mattis o', '2011-05-07', 2.11, 158),
(738, 69, 'Mauris lacinia sapien quis lib', '1974-12-04', 2.93, 159),
(739, 77, 'Integer tincidunt ante vel ips', '2005-05-11', 4.39, 149),
(740, 16, 'Duis at velit eu est congue el', '1991-03-11', 1.41, 196),
(741, 9, 'Cum sociis natoque penatibus e', '1929-03-14', 3.19, 137),
(742, 22, 'Nulla justo.', '1951-06-18', 3.5, 122),
(743, 1, 'Nam ultrices, libero non matti', '1969-04-16', 1.33, 161),
(744, 73, 'Nullam porttitor lacus at turp', '2003-03-31', 4.08, 192),
(745, 99, 'Etiam vel augue.', '1976-06-04', 1.27, 137),
(746, 31, 'Maecenas pulvinar lobortis est', '1949-05-30', 1.91, 183),
(747, 55, 'Duis bibendum.', '1997-03-20', 3.09, 213),
(748, 53, 'Morbi quis tortor id nulla ult', '1990-06-05', 4.86, 148),
(749, 1, 'Vestibulum sed magna at nunc c', '1952-11-17', 3.24, 155),
(750, 84, 'Morbi sem mauris, laoreet ut, ', '1932-12-04', 1.98, 176),
(751, 61, 'Nam congue, risus semper porta', '1971-03-27', 1.17, 172),
(752, 63, 'Vestibulum ante ipsum primis i', '1957-08-08', 2.35, 212),
(753, 79, 'Quisque id justo sit amet sapi', '1949-09-12', 2.66, 210),
(754, 87, 'Nulla ac enim.', '1947-02-14', 1.51, 206),
(755, 13, 'Vivamus metus arcu, adipiscing', '1980-08-04', 1.33, 195),
(756, 15, 'Nam dui.', '1939-10-25', 0.12, 216),
(757, 22, 'In sagittis dui vel nisl.', '2012-10-18', 1.74, 139),
(758, 54, 'Nulla ac enim.', '1947-07-30', 4.47, 134),
(759, 77, 'Cras pellentesque volutpat dui', '1988-08-05', 0.35, 182),
(760, 31, 'Morbi sem mauris, laoreet ut, ', '1951-02-12', 2.61, 125),
(761, 51, 'Aenean sit amet justo.', '1923-06-20', 0.06, 222),
(762, 70, 'Donec dapibus.', '1963-06-05', 1.04, 142),
(763, 54, 'Morbi vestibulum, velit id pre', '1959-12-13', 2.88, 212),
(764, 20, 'Nulla ac enim.', '1927-02-12', 3.2, 167),
(765, 24, 'Aliquam quis turpis eget elit ', '1925-06-02', 2.54, 163),
(766, 71, 'Duis bibendum.', '1939-05-19', 1.03, 196),
(767, 96, 'In hac habitasse platea dictum', '2001-12-04', 2.55, 215),
(768, 38, 'Morbi quis tortor id nulla ult', '1950-06-22', 3.47, 217),
(769, 11, 'Nulla suscipit ligula in lacus', '1921-07-21', 0.78, 205),
(770, 34, 'Quisque arcu libero, rutrum ac', '1929-08-01', 2.01, 207),
(771, 87, 'Fusce posuere felis sed lacus.', '1923-05-08', 1.7, 148),
(772, 48, 'Suspendisse accumsan tortor qu', '1964-02-14', 3.11, 216),
(773, 36, 'Quisque erat eros, viverra ege', '1926-06-20', 0.91, 177),
(774, 70, 'Morbi vel lectus in quam fring', '2014-10-11', 3.57, 179),
(775, 4, 'Integer aliquet, massa id lobo', '1954-01-05', 3.18, 238),
(776, 46, 'Vestibulum ante ipsum primis i', '1946-04-18', 4.8, 162),
(777, 98, 'Suspendisse potenti.', '1992-06-02', 0.05, 129),
(778, 88, 'Nullam sit amet turpis element', '1976-08-04', 3.69, 129),
(779, 49, 'Maecenas tincidunt lacus at ve', '2009-03-30', 4.78, 177),
(780, 56, 'Morbi odio odio, elementum eu,', '1942-01-28', 2.35, 229),
(781, 24, 'Cras non velit nec nisi vulput', '1955-11-07', 1.85, 177),
(782, 85, 'Suspendisse potenti.', '1974-05-12', 0.76, 188),
(783, 72, 'In quis justo.', '1920-10-09', 2.1, 125),
(784, 4, 'Nullam molestie nibh in lectus', '1967-09-08', 4.48, 135),
(785, 3, 'Morbi ut odio.', '1940-03-02', 3.05, 176),
(786, 68, 'Cras mi pede, malesuada in, im', '2002-06-18', 4.7, 209),
(787, 9, 'Duis aliquam convallis nunc.', '1933-12-21', 4.36, 233),
(788, 33, 'Integer tincidunt ante vel ips', '2012-08-12', 2.67, 139),
(789, 36, 'Suspendisse potenti.', '1953-03-05', 4.48, 146),
(790, 39, 'In congue.', '1969-05-03', 4.68, 233),
(791, 13, 'In hac habitasse platea dictum', '1975-01-18', 2.44, 188),
(792, 82, 'Nam dui.', '1946-08-19', 4.31, 200),
(793, 14, 'Vivamus tortor.', '1967-06-01', 4.28, 139),
(794, 58, 'Pellentesque ultrices mattis o', '1961-02-08', 0.84, 206),
(795, 11, 'Curabitur in libero ut massa v', '1946-12-30', 3.77, 145);
INSERT INTO `film` (`FilmID`, `SutradaraID`, `Judul`, `TanggalRilis`, `Rating`, `LamaFilm`) VALUES
(796, 66, 'Quisque id justo sit amet sapi', '1998-01-23', 4.76, 204),
(797, 47, 'Mauris lacinia sapien quis lib', '1967-08-03', 3.73, 154),
(798, 45, 'Donec ut mauris eget massa tem', '1959-03-19', 1.49, 163),
(799, 93, 'Phasellus id sapien in sapien ', '1990-10-02', 0.1, 126),
(800, 36, 'Phasellus sit amet erat.', '1930-01-21', 2.1, 189),
(801, 75, 'Aliquam sit amet diam in magna', '2015-03-15', 2.56, 227),
(802, 25, 'Vivamus in felis eu sapien cur', '1963-09-05', 0.22, 163),
(803, 4, 'Vivamus vel nulla eget eros el', '1972-10-26', 3.06, 123),
(804, 76, 'Nulla neque libero, convallis ', '1986-05-16', 1.81, 239),
(805, 31, 'Duis ac nibh.', '1945-01-25', 1.51, 157),
(806, 8, 'Aliquam quis turpis eget elit ', '1982-07-01', 2.46, 237),
(807, 82, 'Quisque ut erat.', '1953-04-13', 4.59, 223),
(808, 85, 'Cras in purus eu magna vulputa', '1972-04-25', 2.3, 211),
(809, 84, 'Integer a nibh.', '1953-12-17', 4.64, 156),
(810, 6, 'Nulla justo.', '1967-05-20', 2.19, 155),
(811, 79, 'Cum sociis natoque penatibus e', '2004-10-05', 2.94, 209),
(812, 46, 'Nulla tempus.', '2011-02-12', 0.46, 151),
(813, 56, 'Aliquam erat volutpat.', '2004-04-09', 0.51, 219),
(814, 40, 'Integer tincidunt ante vel ips', '1968-12-18', 4.97, 212),
(815, 75, 'Nunc nisl.', '1958-10-03', 4.86, 124),
(816, 16, 'Nullam molestie nibh in lectus', '1922-06-30', 4.04, 237),
(817, 32, 'Praesent blandit.', '1943-11-14', 0.24, 134),
(818, 91, 'Nulla facilisi.', '1974-05-06', 3.49, 222),
(819, 91, 'Vestibulum ante ipsum primis i', '1933-10-02', 4, 217),
(820, 13, 'In hac habitasse platea dictum', '1977-03-05', 0.5, 153),
(821, 48, 'Lorem ipsum dolor sit amet, co', '1927-10-02', 0.2, 192),
(822, 24, 'Lorem ipsum dolor sit amet, co', '1924-03-26', 3.72, 174),
(823, 80, 'Mauris sit amet eros.', '1946-05-10', 3.73, 149),
(824, 43, 'Maecenas tristique, est et tem', '1921-11-28', 2, 188),
(825, 54, 'Nulla ac enim.', '1983-02-23', 4.54, 191),
(826, 5, 'Curabitur gravida nisi at nibh', '1950-09-20', 3.41, 170),
(827, 41, 'In est risus, auctor sed, tris', '1951-08-21', 2.18, 147),
(828, 88, 'Mauris enim leo, rhoncus sed, ', '1925-02-16', 1.06, 125),
(829, 11, 'Praesent lectus.', '2006-12-12', 0.02, 144),
(830, 89, 'Vivamus vel nulla eget eros el', '2000-10-25', 0.2, 227),
(831, 14, 'Pellentesque viverra pede ac d', '1973-03-19', 1.12, 212),
(832, 71, 'Vestibulum ante ipsum primis i', '1973-09-10', 3.57, 161),
(833, 89, 'Donec diam neque, vestibulum e', '1944-05-31', 0.24, 167),
(834, 40, 'Aenean fermentum.', '1969-03-19', 2.97, 238),
(835, 48, 'Nulla tellus.', '1996-07-07', 1.41, 237),
(836, 61, 'Vestibulum sed magna at nunc c', '1929-12-05', 0.87, 231),
(837, 59, 'Nullam molestie nibh in lectus', '1941-04-10', 1.1, 155),
(838, 77, 'Integer non velit.', '1962-08-01', 4.49, 203),
(839, 96, 'Aliquam sit amet diam in magna', '1962-11-30', 4.36, 219),
(840, 49, 'Phasellus id sapien in sapien ', '1943-02-04', 2.82, 149),
(841, 100, 'Mauris ullamcorper purus sit a', '2012-08-30', 2.11, 147),
(842, 26, 'Sed accumsan felis.', '2002-10-06', 4.16, 170),
(843, 46, 'Donec semper sapien a libero.', '1955-09-20', 2.25, 165),
(844, 30, 'Praesent id massa id nisl vene', '1968-08-06', 3.49, 177),
(845, 88, 'Nam tristique tortor eu pede.', '1990-10-24', 2.46, 233),
(846, 82, 'In hac habitasse platea dictum', '1974-06-26', 4.03, 157),
(847, 7, 'Integer ac leo.', '1960-02-26', 1.08, 236),
(848, 83, 'Aliquam quis turpis eget elit ', '1982-10-18', 1.22, 169),
(849, 65, 'Duis bibendum.', '1922-08-07', 4.43, 220),
(850, 29, 'Duis consequat dui nec nisi vo', '2009-05-24', 0.89, 183),
(851, 63, 'Donec diam neque, vestibulum e', '1962-11-23', 2.51, 121),
(852, 29, 'Nunc purus.', '2006-12-17', 2.95, 151),
(853, 94, 'Morbi non quam nec dui luctus ', '1954-03-16', 3.6, 225),
(854, 15, 'Vestibulum rutrum rutrum neque', '1957-10-22', 1.78, 181),
(855, 53, 'Morbi vestibulum, velit id pre', '2005-07-11', 1.36, 210),
(856, 34, 'Morbi ut odio.', '2005-07-13', 0.66, 174),
(857, 90, 'Curabitur in libero ut massa v', '1942-10-14', 2.94, 227),
(858, 83, 'Duis mattis egestas metus.', '1993-11-09', 2.5, 161),
(859, 96, 'Vivamus metus arcu, adipiscing', '1986-02-02', 0.72, 229),
(860, 76, 'Morbi sem mauris, laoreet ut, ', '1966-07-04', 0.8, 199),
(861, 34, 'Vestibulum rutrum rutrum neque', '1961-05-07', 3.58, 196),
(862, 52, 'Nulla tellus.', '1974-01-11', 2.23, 151),
(863, 62, 'Morbi non lectus.', '1968-03-28', 1.44, 163),
(864, 100, 'Nullam sit amet turpis element', '1996-08-29', 3.24, 197),
(865, 81, 'Suspendisse potenti.', '1920-09-25', 2.1, 163),
(866, 21, 'Morbi sem mauris, laoreet ut, ', '1963-03-09', 4.01, 185),
(867, 51, 'Morbi porttitor lorem id ligul', '1942-03-12', 2.96, 179),
(868, 45, 'Aliquam augue quam, sollicitud', '1970-10-16', 4.22, 229),
(869, 50, 'Duis bibendum.', '1989-04-24', 2.59, 177),
(870, 56, 'Quisque id justo sit amet sapi', '1932-02-15', 0.69, 205),
(871, 62, 'In hac habitasse platea dictum', '1981-04-12', 3.72, 196),
(872, 61, 'Cras in purus eu magna vulputa', '2004-12-28', 3.33, 134),
(873, 15, 'Nulla ut erat id mauris vulput', '1938-01-16', 3.19, 174),
(874, 53, 'Phasellus id sapien in sapien ', '1922-02-19', 2.05, 173),
(875, 20, 'In congue.', '1933-03-08', 4, 203),
(876, 70, 'Duis consequat dui nec nisi vo', '1937-10-27', 1.75, 167),
(877, 16, 'Morbi non quam nec dui luctus ', '1920-10-06', 3.39, 219),
(878, 84, 'Fusce consequat.', '1930-12-27', 2.11, 138),
(879, 56, 'Donec ut mauris eget massa tem', '1986-03-08', 3.24, 209),
(880, 42, 'Praesent lectus.', '1937-10-19', 2.3, 212),
(881, 87, 'In est risus, auctor sed, tris', '1925-12-15', 3.96, 215),
(882, 10, 'Nulla facilisi.', '2003-10-20', 4.9, 186),
(883, 78, 'Morbi non quam nec dui luctus ', '1955-01-25', 3.41, 239),
(884, 95, 'Curabitur convallis.', '1945-10-11', 4.43, 227),
(885, 73, 'Donec posuere metus vitae ipsu', '1960-08-06', 0.63, 130),
(886, 2, 'Sed sagittis.', '2010-05-08', 2.69, 206),
(887, 72, 'Nullam orci pede, venenatis no', '1979-02-07', 0.34, 198),
(888, 84, 'Curabitur gravida nisi at nibh', '2011-06-28', 1.3, 135),
(889, 76, 'Integer tincidunt ante vel ips', '1994-11-07', 1.93, 237),
(890, 67, 'Duis bibendum, felis sed inter', '1938-02-05', 3.89, 233),
(891, 2, 'Fusce congue, diam id ornare i', '1994-03-01', 0.19, 141),
(892, 47, 'Fusce consequat.', '1922-08-18', 1.51, 232),
(893, 20, 'Donec quis orci eget orci vehi', '2007-10-31', 0.1, 176),
(894, 89, 'Fusce consequat.', '1971-05-10', 0.94, 121),
(895, 75, 'Curabitur at ipsum ac tellus s', '1927-04-09', 3.54, 175),
(896, 47, 'Aliquam quis turpis eget elit ', '2004-09-19', 4.27, 145),
(897, 67, 'In hac habitasse platea dictum', '1930-12-20', 4.98, 182),
(898, 88, 'Nulla facilisi.', '2007-10-19', 2.68, 224),
(899, 31, 'Curabitur at ipsum ac tellus s', '1929-08-07', 3.57, 149),
(900, 19, 'Aenean fermentum.', '1978-10-05', 0.63, 197),
(901, 79, 'Integer non velit.', '1930-06-12', 0.15, 162),
(902, 61, 'Sed vel enim sit amet nunc viv', '1989-03-02', 1.46, 206),
(903, 58, 'Nullam orci pede, venenatis no', '2014-11-21', 0.94, 188),
(904, 9, 'Sed ante.', '1926-04-07', 3.84, 231),
(905, 96, 'Donec vitae nisi.', '1999-05-29', 2.82, 232),
(906, 67, 'Quisque erat eros, viverra ege', '1934-10-13', 4.72, 237),
(907, 23, 'Nullam porttitor lacus at turp', '1973-03-17', 4.23, 127),
(908, 12, 'Donec diam neque, vestibulum e', '1984-11-24', 0.53, 203),
(909, 44, 'Proin interdum mauris non ligu', '2005-11-19', 2.12, 214),
(910, 45, 'Etiam pretium iaculis justo.', '1935-11-13', 4.86, 184),
(911, 30, 'In quis justo.', '1995-08-23', 3.46, 133),
(912, 70, 'Praesent lectus.', '1963-07-25', 3.55, 176),
(913, 91, 'Vivamus in felis eu sapien cur', '1931-09-14', 1.65, 125),
(914, 45, 'Proin at turpis a pede posuere', '2006-01-01', 3.7, 198),
(915, 2, 'Vestibulum sed magna at nunc c', '1989-12-12', 4.4, 199),
(916, 38, 'Nam dui.', '1923-10-29', 1.5, 131),
(917, 47, 'Aenean sit amet justo.', '1971-06-04', 3.77, 191),
(918, 34, 'Nulla neque libero, convallis ', '1973-05-26', 2.67, 128),
(919, 86, 'Vivamus tortor.', '2009-02-01', 1.06, 136),
(920, 21, 'Maecenas ut massa quis augue l', '1988-11-25', 2.51, 240),
(921, 89, 'Maecenas leo odio, condimentum', '2001-07-27', 2.99, 137),
(922, 84, 'Quisque porta volutpat erat.', '1974-01-28', 2.39, 122),
(923, 77, 'Duis aliquam convallis nunc.', '1974-09-13', 3.07, 121),
(924, 2, 'Donec diam neque, vestibulum e', '1967-06-27', 1.17, 208),
(925, 43, 'Ut tellus.', '1986-09-24', 4.92, 193),
(926, 99, 'Integer a nibh.', '2014-05-22', 4.34, 148),
(927, 88, 'Nunc purus.', '1929-06-14', 0.64, 134),
(928, 93, 'Pellentesque eget nunc.', '1998-12-03', 3.43, 129),
(929, 21, 'Pellentesque viverra pede ac d', '1985-10-08', 4.58, 194),
(930, 67, 'Donec posuere metus vitae ipsu', '1978-11-18', 1.71, 121),
(931, 62, 'Maecenas pulvinar lobortis est', '2010-09-30', 2.54, 172),
(932, 51, 'Suspendisse accumsan tortor qu', '1934-05-26', 4.48, 235),
(933, 88, 'Fusce consequat.', '1953-09-28', 3.38, 185),
(934, 99, 'Suspendisse potenti.', '1948-10-29', 3.31, 201),
(935, 62, 'Phasellus sit amet erat.', '1952-05-07', 1.94, 128),
(936, 27, 'Curabitur convallis.', '2010-08-24', 2.91, 186),
(937, 27, 'Morbi vestibulum, velit id pre', '1923-07-12', 4.81, 201),
(938, 48, 'Vestibulum ante ipsum primis i', '1953-05-03', 4.44, 240),
(939, 78, 'Nulla tempus.', '1994-01-24', 1.16, 182),
(940, 54, 'Nam dui.', '1974-01-28', 3.66, 188),
(941, 11, 'In hac habitasse platea dictum', '1936-07-20', 0.95, 163),
(942, 22, 'Nulla nisl.', '1937-12-05', 4.71, 237),
(943, 2, 'Praesent blandit lacinia erat.', '1943-06-17', 0.78, 169),
(944, 34, 'Proin risus.', '1945-04-13', 4.66, 160),
(945, 5, 'Aenean auctor gravida sem.', '1963-07-04', 3.98, 203),
(946, 89, 'Cras mi pede, malesuada in, im', '1935-07-11', 0.82, 226),
(947, 58, 'Nulla facilisi.', '1934-12-19', 3.24, 124),
(948, 19, 'Vivamus vel nulla eget eros el', '1957-12-27', 0.45, 168),
(949, 31, 'Vestibulum ante ipsum primis i', '1928-06-07', 3.38, 123),
(950, 36, 'Cras pellentesque volutpat dui', '1955-10-20', 2.09, 198),
(951, 54, 'Maecenas leo odio, condimentum', '1940-10-19', 1.19, 188),
(952, 65, 'Aliquam quis turpis eget elit ', '1926-09-18', 1.96, 191),
(953, 89, 'Morbi non lectus.', '1961-08-31', 3.64, 187),
(954, 56, 'Vivamus in felis eu sapien cur', '1999-01-14', 2.59, 185),
(955, 83, 'Duis bibendum, felis sed inter', '2014-08-09', 4.79, 229),
(956, 24, 'Aenean auctor gravida sem.', '1975-04-07', 4.4, 200),
(957, 84, 'Suspendisse potenti.', '1924-03-28', 0.92, 135),
(958, 88, 'Curabitur gravida nisi at nibh', '1963-04-06', 4.45, 126),
(959, 2, 'Etiam vel augue.', '1969-01-06', 2.08, 239),
(960, 27, 'Morbi a ipsum.', '1924-05-13', 4.94, 197),
(961, 24, 'Quisque arcu libero, rutrum ac', '1954-07-19', 0.38, 173),
(962, 48, 'Proin leo odio, porttitor id, ', '1942-04-26', 4.19, 185),
(963, 51, 'Praesent id massa id nisl vene', '1952-07-04', 3.94, 198),
(964, 92, 'Morbi non quam nec dui luctus ', '1969-04-19', 3.05, 223),
(965, 19, 'Nam tristique tortor eu pede.', '2011-12-10', 3.58, 141),
(966, 12, 'Integer ac neque.', '1997-04-26', 3.29, 211),
(967, 91, 'Suspendisse accumsan tortor qu', '1955-01-17', 3.53, 148),
(968, 48, 'Vestibulum ante ipsum primis i', '1924-04-24', 4.61, 200),
(969, 24, 'Integer ac leo.', '1981-04-14', 3.99, 139),
(970, 72, 'Aliquam non mauris.', '1971-05-03', 0.62, 239),
(971, 80, 'Maecenas leo odio, condimentum', '1941-08-15', 3.23, 207),
(972, 45, 'Maecenas pulvinar lobortis est', '1943-02-13', 3.71, 215),
(973, 22, 'Integer tincidunt ante vel ips', '1973-11-26', 1.49, 121),
(974, 26, 'Duis consequat dui nec nisi vo', '2006-11-07', 3.99, 186),
(975, 18, 'Pellentesque eget nunc.', '1975-09-22', 4.69, 195),
(976, 72, 'Morbi quis tortor id nulla ult', '1955-06-03', 1.24, 147),
(977, 11, 'Quisque erat eros, viverra ege', '1962-11-25', 3.79, 125),
(978, 79, 'Quisque arcu libero, rutrum ac', '1921-12-25', 3.49, 184),
(979, 73, 'Phasellus in felis.', '1928-12-24', 1.8, 202),
(980, 86, 'Proin interdum mauris non ligu', '1937-09-29', 2.13, 164),
(981, 23, 'Maecenas pulvinar lobortis est', '1994-02-04', 1.13, 167),
(982, 77, 'Curabitur in libero ut massa v', '1997-06-06', 3.04, 234),
(983, 90, 'Pellentesque eget nunc.', '1991-02-12', 0.24, 128),
(984, 26, 'Curabitur in libero ut massa v', '1952-08-04', 3.53, 174),
(985, 93, 'Morbi non quam nec dui luctus ', '1972-03-12', 3.08, 198),
(986, 83, 'Cras pellentesque volutpat dui', '1995-05-01', 1.21, 216),
(987, 84, 'Proin at turpis a pede posuere', '1979-09-25', 2.5, 134),
(988, 84, 'Curabitur in libero ut massa v', '1997-08-18', 3.54, 172),
(989, 90, 'Aliquam sit amet diam in magna', '1994-12-06', 3.46, 138),
(990, 100, 'Maecenas pulvinar lobortis est', '1969-01-24', 1.81, 224),
(991, 76, 'Aliquam non mauris.', '1981-03-30', 3.44, 171),
(992, 54, 'Morbi vestibulum, velit id pre', '1936-09-20', 2.83, 216),
(993, 9, 'Integer a nibh.', '1959-04-24', 3.45, 165),
(994, 39, 'Sed vel enim sit amet nunc viv', '1992-08-23', 3.97, 162),
(995, 66, 'Nulla facilisi.', '2008-02-06', 3.63, 141),
(996, 31, 'Lorem ipsum dolor sit amet, co', '1925-11-10', 4.62, 140),
(997, 35, 'Praesent lectus.', '1987-10-07', 2.41, 166),
(998, 19, 'Aliquam non mauris.', '1985-04-27', 2.08, 227),
(999, 23, 'Pellentesque eget nunc.', '1954-05-05', 1.15, 187),
(1000, 81, 'Morbi quis tortor id nulla ult', '2003-07-28', 1.42, 234);

-- --------------------------------------------------------

--
-- Table structure for table `genre`
--

CREATE TABLE IF NOT EXISTS `genre` (
  `GenreID` int(11) NOT NULL,
  `NamaGenre` varchar(20) NOT NULL,
  PRIMARY KEY (`GenreID`)
) ENGINE=InnoDB DEFAULT CHARSET=latin1;

--
-- Dumping data for table `genre`
--

INSERT INTO `genre` (`GenreID`, `NamaGenre`) VALUES
(1, 'Action'),
(2, 'Adventure'),
(3, 'Animation'),
(4, 'Biography'),
(5, 'Comedy'),
(6, 'Crime'),
(7, 'Documentary'),
(8, 'Drama'),
(9, 'Family'),
(10, 'Fantasy'),
(11, 'History'),
(12, 'Horror'),
(13, 'Musical'),
(14, 'Mystery'),
(15, 'Romance'),
(16, 'Sci-fi'),
(17, 'Sport'),
(18, 'Thriller'),
(19, 'War'),
(20, 'Western');

-- --------------------------------------------------------

--
-- Table structure for table `genrefilm`
--

CREATE TABLE IF NOT EXISTS `genrefilm` (
  `FilmID` int(11) NOT NULL,
  `GenreID` int(11) NOT NULL,
  PRIMARY KEY (`FilmID`,`GenreID`),
  KEY `GenreID` (`GenreID`)
) ENGINE=InnoDB DEFAULT CHARSET=latin1;

--
-- Dumping data for table `genrefilm`
--

INSERT INTO `genrefilm` (`FilmID`, `GenreID`) VALUES
(19, 1),
(40, 1),
(50, 1),
(51, 1),
(79, 1),
(90, 1),
(114, 1),
(162, 1),
(163, 1),
(170, 1),
(173, 1),
(189, 1),
(195, 1),
(244, 1),
(246, 1),
(262, 1),
(305, 1),
(307, 1),
(309, 1),
(318, 1),
(351, 1),
(360, 1),
(367, 1),
(370, 1),
(403, 1),
(406, 1),
(424, 1),
(437, 1),
(462, 1),
(472, 1),
(488, 1),
(516, 1),
(533, 1),
(540, 1),
(544, 1),
(563, 1),
(587, 1),
(622, 1),
(646, 1),
(660, 1),
(667, 1),
(672, 1),
(675, 1),
(686, 1),
(696, 1),
(698, 1),
(714, 1),
(722, 1),
(735, 1),
(736, 1),
(754, 1),
(761, 1),
(766, 1),
(774, 1),
(776, 1),
(781, 1),
(811, 1),
(839, 1),
(907, 1),
(909, 1),
(911, 1),
(934, 1),
(965, 1),
(983, 1),
(985, 1),
(994, 1),
(997, 1),
(16, 2),
(40, 2),
(55, 2),
(74, 2),
(93, 2),
(99, 2),
(147, 2),
(159, 2),
(178, 2),
(185, 2),
(202, 2),
(236, 2),
(250, 2),
(255, 2),
(309, 2),
(344, 2),
(365, 2),
(448, 2),
(451, 2),
(496, 2),
(529, 2),
(623, 2),
(628, 2),
(674, 2),
(678, 2),
(713, 2),
(717, 2),
(737, 2),
(744, 2),
(764, 2),
(799, 2),
(811, 2),
(829, 2),
(848, 2),
(891, 2),
(908, 2),
(910, 2),
(969, 2),
(973, 2),
(981, 2),
(988, 2),
(10, 3),
(30, 3),
(47, 3),
(68, 3),
(87, 3),
(99, 3),
(129, 3),
(135, 3),
(149, 3),
(151, 3),
(160, 3),
(163, 3),
(169, 3),
(175, 3),
(179, 3),
(185, 3),
(192, 3),
(223, 3),
(246, 3),
(350, 3),
(377, 3),
(398, 3),
(401, 3),
(417, 3),
(485, 3),
(488, 3),
(517, 3),
(522, 3),
(523, 3),
(528, 3),
(565, 3),
(571, 3),
(588, 3),
(626, 3),
(667, 3),
(689, 3),
(774, 3),
(777, 3),
(782, 3),
(808, 3),
(827, 3),
(862, 3),
(883, 3),
(887, 3),
(907, 3),
(910, 3),
(927, 3),
(940, 3),
(946, 3),
(950, 3),
(953, 3),
(959, 3),
(961, 3),
(970, 3),
(980, 3),
(997, 3),
(1000, 3),
(35, 4),
(54, 4),
(63, 4),
(75, 4),
(98, 4),
(102, 4),
(125, 4),
(132, 4),
(152, 4),
(206, 4),
(228, 4),
(232, 4),
(236, 4),
(239, 4),
(249, 4),
(255, 4),
(266, 4),
(282, 4),
(298, 4),
(324, 4),
(369, 4),
(380, 4),
(398, 4),
(424, 4),
(505, 4),
(506, 4),
(507, 4),
(540, 4),
(552, 4),
(566, 4),
(587, 4),
(599, 4),
(654, 4),
(717, 4),
(725, 4),
(726, 4),
(727, 4),
(729, 4),
(737, 4),
(756, 4),
(765, 4),
(776, 4),
(782, 4),
(789, 4),
(802, 4),
(860, 4),
(871, 4),
(884, 4),
(885, 4),
(887, 4),
(898, 4),
(901, 4),
(914, 4),
(920, 4),
(932, 4),
(982, 4),
(986, 4),
(988, 4),
(24, 5),
(84, 5),
(85, 5),
(97, 5),
(120, 5),
(129, 5),
(158, 5),
(168, 5),
(182, 5),
(197, 5),
(207, 5),
(212, 5),
(227, 5),
(229, 5),
(254, 5),
(272, 5),
(274, 5),
(284, 5),
(296, 5),
(405, 5),
(431, 5),
(451, 5),
(468, 5),
(517, 5),
(539, 5),
(540, 5),
(553, 5),
(561, 5),
(577, 5),
(623, 5),
(627, 5),
(641, 5),
(647, 5),
(664, 5),
(710, 5),
(722, 5),
(738, 5),
(740, 5),
(758, 5),
(782, 5),
(805, 5),
(811, 5),
(836, 5),
(901, 5),
(905, 5),
(908, 5),
(945, 5),
(951, 5),
(958, 5),
(983, 5),
(10, 6),
(21, 6),
(25, 6),
(26, 6),
(45, 6),
(66, 6),
(89, 6),
(92, 6),
(107, 6),
(110, 6),
(124, 6),
(136, 6),
(147, 6),
(206, 6),
(211, 6),
(217, 6),
(222, 6),
(228, 6),
(295, 6),
(312, 6),
(330, 6),
(367, 6),
(368, 6),
(422, 6),
(463, 6),
(477, 6),
(496, 6),
(498, 6),
(525, 6),
(527, 6),
(538, 6),
(588, 6),
(607, 6),
(627, 6),
(657, 6),
(677, 6),
(693, 6),
(706, 6),
(710, 6),
(719, 6),
(722, 6),
(736, 6),
(739, 6),
(740, 6),
(754, 6),
(812, 6),
(814, 6),
(857, 6),
(873, 6),
(874, 6),
(886, 6),
(893, 6),
(898, 6),
(907, 6),
(934, 6),
(952, 6),
(975, 6),
(38, 7),
(40, 7),
(45, 7),
(56, 7),
(62, 7),
(66, 7),
(85, 7),
(89, 7),
(91, 7),
(118, 7),
(122, 7),
(141, 7),
(182, 7),
(183, 7),
(185, 7),
(187, 7),
(251, 7),
(260, 7),
(273, 7),
(279, 7),
(292, 7),
(308, 7),
(336, 7),
(347, 7),
(349, 7),
(361, 7),
(374, 7),
(396, 7),
(400, 7),
(451, 7),
(454, 7),
(457, 7),
(481, 7),
(484, 7),
(489, 7),
(498, 7),
(507, 7),
(510, 7),
(604, 7),
(606, 7),
(652, 7),
(672, 7),
(705, 7),
(712, 7),
(718, 7),
(723, 7),
(724, 7),
(742, 7),
(743, 7),
(764, 7),
(783, 7),
(826, 7),
(828, 7),
(843, 7),
(845, 7),
(856, 7),
(857, 7),
(859, 7),
(867, 7),
(907, 7),
(934, 7),
(936, 7),
(942, 7),
(960, 7),
(963, 7),
(971, 7),
(982, 7),
(14, 8),
(15, 8),
(75, 8),
(83, 8),
(87, 8),
(141, 8),
(147, 8),
(150, 8),
(171, 8),
(173, 8),
(184, 8),
(199, 8),
(210, 8),
(211, 8),
(217, 8),
(228, 8),
(251, 8),
(265, 8),
(284, 8),
(298, 8),
(304, 8),
(329, 8),
(331, 8),
(354, 8),
(372, 8),
(398, 8),
(491, 8),
(534, 8),
(548, 8),
(558, 8),
(569, 8),
(587, 8),
(591, 8),
(593, 8),
(617, 8),
(631, 8),
(674, 8),
(679, 8),
(686, 8),
(739, 8),
(754, 8),
(757, 8),
(821, 8),
(823, 8),
(873, 8),
(929, 8),
(931, 8),
(972, 8),
(986, 8),
(2, 9),
(11, 9),
(92, 9),
(103, 9),
(135, 9),
(142, 9),
(173, 9),
(198, 9),
(216, 9),
(217, 9),
(237, 9),
(238, 9),
(275, 9),
(328, 9),
(331, 9),
(335, 9),
(364, 9),
(369, 9),
(378, 9),
(444, 9),
(448, 9),
(453, 9),
(505, 9),
(507, 9),
(552, 9),
(575, 9),
(581, 9),
(604, 9),
(627, 9),
(631, 9),
(632, 9),
(637, 9),
(645, 9),
(646, 9),
(654, 9),
(671, 9),
(685, 9),
(724, 9),
(733, 9),
(740, 9),
(752, 9),
(764, 9),
(770, 9),
(777, 9),
(794, 9),
(806, 9),
(810, 9),
(875, 9),
(876, 9),
(916, 9),
(951, 9),
(966, 9),
(977, 9),
(989, 9),
(994, 9),
(7, 10),
(38, 10),
(39, 10),
(46, 10),
(81, 10),
(96, 10),
(100, 10),
(113, 10),
(126, 10),
(211, 10),
(215, 10),
(225, 10),
(243, 10),
(248, 10),
(260, 10),
(269, 10),
(291, 10),
(316, 10),
(340, 10),
(344, 10),
(361, 10),
(364, 10),
(382, 10),
(400, 10),
(406, 10),
(445, 10),
(462, 10),
(466, 10),
(473, 10),
(481, 10),
(487, 10),
(491, 10),
(493, 10),
(513, 10),
(529, 10),
(534, 10),
(548, 10),
(584, 10),
(591, 10),
(604, 10),
(636, 10),
(641, 10),
(643, 10),
(659, 10),
(666, 10),
(669, 10),
(676, 10),
(711, 10),
(722, 10),
(776, 10),
(798, 10),
(808, 10),
(818, 10),
(823, 10),
(846, 10),
(899, 10),
(901, 10),
(914, 10),
(918, 10),
(925, 10),
(927, 10),
(948, 10),
(953, 10),
(965, 10),
(973, 10),
(30, 11),
(37, 11),
(62, 11),
(92, 11),
(119, 11),
(120, 11),
(129, 11),
(136, 11),
(186, 11),
(191, 11),
(213, 11),
(214, 11),
(223, 11),
(234, 11),
(281, 11),
(307, 11),
(309, 11),
(312, 11),
(324, 11),
(364, 11),
(366, 11),
(376, 11),
(380, 11),
(392, 11),
(393, 11),
(398, 11),
(408, 11),
(421, 11),
(429, 11),
(502, 11),
(519, 11),
(531, 11),
(539, 11),
(558, 11),
(595, 11),
(603, 11),
(604, 11),
(611, 11),
(625, 11),
(639, 11),
(649, 11),
(656, 11),
(709, 11),
(745, 11),
(761, 11),
(800, 11),
(812, 11),
(823, 11),
(825, 11),
(858, 11),
(859, 11),
(862, 11),
(937, 11),
(973, 11),
(993, 11),
(1, 12),
(52, 12),
(80, 12),
(94, 12),
(99, 12),
(111, 12),
(133, 12),
(141, 12),
(165, 12),
(174, 12),
(180, 12),
(191, 12),
(198, 12),
(213, 12),
(247, 12),
(254, 12),
(289, 12),
(302, 12),
(314, 12),
(346, 12),
(350, 12),
(361, 12),
(418, 12),
(426, 12),
(447, 12),
(457, 12),
(463, 12),
(482, 12),
(513, 12),
(520, 12),
(543, 12),
(576, 12),
(581, 12),
(585, 12),
(667, 12),
(670, 12),
(676, 12),
(753, 12),
(754, 12),
(762, 12),
(766, 12),
(776, 12),
(787, 12),
(797, 12),
(803, 12),
(860, 12),
(868, 12),
(889, 12),
(960, 12),
(1000, 12),
(60, 13),
(69, 13),
(78, 13),
(84, 13),
(85, 13),
(91, 13),
(109, 13),
(111, 13),
(114, 13),
(120, 13),
(127, 13),
(165, 13),
(169, 13),
(225, 13),
(230, 13),
(242, 13),
(253, 13),
(256, 13),
(260, 13),
(285, 13),
(288, 13),
(301, 13),
(303, 13),
(341, 13),
(344, 13),
(355, 13),
(406, 13),
(436, 13),
(459, 13),
(477, 13),
(513, 13),
(565, 13),
(629, 13),
(631, 13),
(637, 13),
(641, 13),
(643, 13),
(667, 13),
(680, 13),
(753, 13),
(755, 13),
(767, 13),
(773, 13),
(774, 13),
(788, 13),
(794, 13),
(807, 13),
(810, 13),
(816, 13),
(821, 13),
(849, 13),
(868, 13),
(915, 13),
(954, 13),
(967, 13),
(981, 13),
(991, 13),
(997, 13),
(42, 14),
(62, 14),
(67, 14),
(98, 14),
(99, 14),
(105, 14),
(111, 14),
(114, 14),
(138, 14),
(143, 14),
(168, 14),
(178, 14),
(196, 14),
(258, 14),
(262, 14),
(263, 14),
(353, 14),
(364, 14),
(367, 14),
(374, 14),
(403, 14),
(406, 14),
(466, 14),
(482, 14),
(499, 14),
(535, 14),
(599, 14),
(609, 14),
(625, 14),
(651, 14),
(707, 14),
(716, 14),
(734, 14),
(778, 14),
(780, 14),
(781, 14),
(808, 14),
(858, 14),
(870, 14),
(872, 14),
(878, 14),
(887, 14),
(911, 14),
(933, 14),
(963, 14),
(16, 15),
(26, 15),
(46, 15),
(73, 15),
(80, 15),
(92, 15),
(105, 15),
(113, 15),
(156, 15),
(161, 15),
(172, 15),
(213, 15),
(261, 15),
(300, 15),
(319, 15),
(322, 15),
(334, 15),
(337, 15),
(375, 15),
(380, 15),
(411, 15),
(417, 15),
(420, 15),
(444, 15),
(446, 15),
(454, 15),
(458, 15),
(469, 15),
(472, 15),
(476, 15),
(485, 15),
(498, 15),
(503, 15),
(508, 15),
(514, 15),
(527, 15),
(560, 15),
(590, 15),
(660, 15),
(685, 15),
(698, 15),
(744, 15),
(813, 15),
(831, 15),
(846, 15),
(851, 15),
(862, 15),
(884, 15),
(891, 15),
(965, 15),
(974, 15),
(1000, 15),
(13, 16),
(37, 16),
(43, 16),
(77, 16),
(105, 16),
(163, 16),
(165, 16),
(184, 16),
(225, 16),
(254, 16),
(262, 16),
(274, 16),
(319, 16),
(342, 16),
(352, 16),
(363, 16),
(368, 16),
(375, 16),
(386, 16),
(413, 16),
(430, 16),
(485, 16),
(516, 16),
(535, 16),
(564, 16),
(584, 16),
(626, 16),
(650, 16),
(666, 16),
(667, 16),
(668, 16),
(677, 16),
(705, 16),
(707, 16),
(712, 16),
(795, 16),
(824, 16),
(829, 16),
(853, 16),
(883, 16),
(891, 16),
(907, 16),
(911, 16),
(955, 16),
(15, 17),
(78, 17),
(105, 17),
(106, 17),
(112, 17),
(118, 17),
(169, 17),
(206, 17),
(215, 17),
(218, 17),
(226, 17),
(305, 17),
(338, 17),
(360, 17),
(378, 17),
(410, 17),
(413, 17),
(449, 17),
(508, 17),
(528, 17),
(532, 17),
(580, 17),
(588, 17),
(619, 17),
(632, 17),
(638, 17),
(676, 17),
(700, 17),
(751, 17),
(752, 17),
(758, 17),
(773, 17),
(783, 17),
(784, 17),
(787, 17),
(799, 17),
(823, 17),
(829, 17),
(839, 17),
(846, 17),
(863, 17),
(866, 17),
(904, 17),
(905, 17),
(964, 17),
(977, 17),
(6, 18),
(7, 18),
(21, 18),
(70, 18),
(91, 18),
(117, 18),
(126, 18),
(144, 18),
(153, 18),
(157, 18),
(162, 18),
(167, 18),
(181, 18),
(188, 18),
(202, 18),
(206, 18),
(213, 18),
(233, 18),
(260, 18),
(284, 18),
(292, 18),
(334, 18),
(398, 18),
(406, 18),
(421, 18),
(422, 18),
(446, 18),
(467, 18),
(471, 18),
(478, 18),
(511, 18),
(534, 18),
(588, 18),
(629, 18),
(648, 18),
(658, 18),
(675, 18),
(705, 18),
(724, 18),
(734, 18),
(749, 18),
(756, 18),
(804, 18),
(808, 18),
(837, 18),
(871, 18),
(902, 18),
(903, 18),
(916, 18),
(932, 18),
(936, 18),
(954, 18),
(981, 18),
(996, 18),
(5, 19),
(58, 19),
(60, 19),
(61, 19),
(65, 19),
(95, 19),
(99, 19),
(102, 19),
(121, 19),
(137, 19),
(140, 19),
(149, 19),
(189, 19),
(220, 19),
(234, 19),
(244, 19),
(261, 19),
(266, 19),
(359, 19),
(365, 19),
(455, 19),
(511, 19),
(521, 19),
(537, 19),
(555, 19),
(572, 19),
(590, 19),
(595, 19),
(624, 19),
(705, 19),
(727, 19),
(736, 19),
(777, 19),
(792, 19),
(797, 19),
(814, 19),
(815, 19),
(856, 19),
(865, 19),
(887, 19),
(895, 19),
(930, 19),
(945, 19),
(947, 19),
(973, 19),
(982, 19),
(1000, 19),
(2, 20),
(5, 20),
(26, 20),
(77, 20),
(96, 20),
(97, 20),
(108, 20),
(156, 20),
(171, 20),
(220, 20),
(242, 20),
(246, 20),
(263, 20),
(282, 20),
(286, 20),
(341, 20),
(344, 20),
(353, 20),
(359, 20),
(366, 20),
(372, 20),
(375, 20),
(417, 20),
(448, 20),
(455, 20),
(490, 20),
(494, 20),
(498, 20),
(508, 20),
(540, 20),
(549, 20),
(581, 20),
(587, 20),
(596, 20),
(624, 20),
(658, 20),
(682, 20),
(741, 20),
(742, 20),
(747, 20),
(751, 20),
(758, 20),
(775, 20),
(818, 20),
(835, 20),
(841, 20),
(849, 20),
(871, 20),
(884, 20),
(888, 20),
(915, 20),
(918, 20),
(929, 20),
(939, 20),
(964, 20);

-- --------------------------------------------------------

--
-- Table structure for table `penonton`
--

CREATE TABLE IF NOT EXISTS `penonton` (
  `PenontonID` int(11) NOT NULL,
  `NamaDepan` varchar(255) NOT NULL,
  `NamaBelakang` varchar(255) NOT NULL,
  `AsalNegara` varchar(255) NOT NULL,
  PRIMARY KEY (`PenontonID`),
  KEY `PenontonID` (`PenontonID`)
) ENGINE=InnoDB DEFAULT CHARSET=latin1;

--
-- Dumping data for table `penonton`
--

INSERT INTO `penonton` (`PenontonID`, `NamaDepan`, `NamaBelakang`, `AsalNegara`) VALUES
(1, 'Margaret', 'Webb', 'Argentina'),
(2, 'Lillian', 'Torres', 'Panama'),
(3, 'Donna', 'Martinez', 'Indonesia'),
(4, 'Peter', 'Jenkins', 'Brazil'),
(5, 'Edward', 'Duncan', 'Netherlands'),
(6, 'Paula', 'Sanders', 'United States'),
(7, 'Amy', 'Carter', 'Colombia'),
(8, 'Joan', 'Ward', 'Indonesia'),
(9, 'Raymond', 'Price', 'Ireland'),
(10, 'Jose', 'Robertson', 'Greece'),
(11, 'Howard', 'Bradley', 'Ukraine'),
(12, 'Gloria', 'Walker', 'China'),
(13, 'Pamela', 'Meyer', 'China'),
(14, 'Heather', 'Cunningham', 'Jordan'),
(15, 'Brenda', 'Harper', 'Russia'),
(16, 'Victor', 'Lane', 'Eritrea'),
(17, 'Sarah', 'Gray', 'Vietnam'),
(18, 'Thomas', 'Simmons', 'China'),
(19, 'Lawrence', 'Moreno', 'Portugal'),
(20, 'Amanda', 'Thomas', 'Brazil'),
(21, 'Julia', 'Garrett', 'Serbia'),
(22, 'Marie', 'Wood', 'Portugal'),
(23, 'Kathryn', 'Morris', 'Brazil'),
(24, 'Ann', 'Frazier', 'Cape Verde'),
(25, 'Samuel', 'Hall', 'Armenia'),
(26, 'Carol', 'Tucker', 'Poland'),
(27, 'Frank', 'Brown', 'Mongolia'),
(28, 'Katherine', 'Morgan', 'Ukraine'),
(29, 'Angela', 'Nguyen', 'China'),
(30, 'Victor', 'Murray', 'Yemen'),
(31, 'Barbara', 'Gilbert', 'China'),
(32, 'Gerald', 'Garza', 'Costa Rica'),
(33, 'Heather', 'Olson', 'Russia'),
(34, 'Daniel', 'Smith', 'China'),
(35, 'Adam', 'Foster', 'Barbados'),
(36, 'Michelle', 'Flores', 'United States'),
(37, 'Thomas', 'Graham', 'Morocco'),
(38, 'Betty', 'Hanson', 'China'),
(39, 'Donald', 'Meyer', 'France'),
(40, 'Patricia', 'Little', 'Indonesia'),
(41, 'Bobby', 'Freeman', 'Greece'),
(42, 'Patrick', 'Palmer', 'France'),
(43, 'Lillian', 'Ward', 'China'),
(44, 'Jane', 'Hunter', 'Malaysia'),
(45, 'Billy', 'Austin', 'Greece'),
(46, 'Tina', 'Greene', 'Indonesia'),
(47, 'Harold', 'Greene', 'China'),
(48, 'Wayne', 'Patterson', 'Jordan'),
(49, 'Marie', 'Hicks', 'China'),
(50, 'Alice', 'Henry', 'United States'),
(51, 'Stephen', 'Rivera', 'France'),
(52, 'Doris', 'Mccoy', 'Russia'),
(53, 'Carlos', 'Martin', 'Ukraine'),
(54, 'Carolyn', 'Morgan', 'Cuba'),
(55, 'Victor', 'Morrison', 'Sweden'),
(56, 'Phillip', 'Williamson', 'Peru'),
(57, 'Timothy', 'Edwards', 'China'),
(58, 'Sharon', 'Sims', 'Brazil'),
(59, 'Kathleen', 'Stewart', 'Philippines'),
(60, 'Jane', 'Lynch', 'Sweden'),
(61, 'David', 'Medina', 'Kenya'),
(62, 'Peter', 'Powell', 'Indonesia'),
(63, 'Joseph', 'Mason', 'Iran'),
(64, 'Amanda', 'Dunn', 'Maldives'),
(65, 'Larry', 'Howell', 'Argentina'),
(66, 'Susan', 'Davis', 'Israel'),
(67, 'Craig', 'Dixon', 'United States'),
(68, 'Linda', 'Hamilton', 'Argentina'),
(69, 'Earl', 'Ellis', 'China'),
(70, 'Sara', 'Hill', 'France'),
(71, 'Jack', 'Arnold', 'Canada'),
(72, 'Peter', 'Crawford', 'Thailand'),
(73, 'Terry', 'Nelson', 'China'),
(74, 'William', 'Simmons', 'Pakistan'),
(75, 'Patrick', 'Murphy', 'China'),
(76, 'Lawrence', 'Nichols', 'Pakistan'),
(77, 'Theresa', 'Romero', 'Portugal'),
(78, 'Anne', 'Long', 'Indonesia'),
(79, 'Heather', 'Hill', 'Indonesia'),
(80, 'Arthur', 'Day', 'Czech Republic'),
(81, 'Irene', 'Cook', 'Poland'),
(82, 'Nancy', 'Hamilton', 'Serbia'),
(83, 'Paul', 'Harris', 'Argentina'),
(84, 'Ernest', 'Barnes', 'Mongolia'),
(85, 'Kathleen', 'Smith', 'Sudan'),
(86, 'Judith', 'Chavez', 'Portugal'),
(87, 'Robert', 'Reynolds', 'China'),
(88, 'Stephanie', 'Lopez', 'Mexico'),
(89, 'Sharon', 'Nguyen', 'Ukraine'),
(90, 'John', 'Elliott', 'Thailand'),
(91, 'Gerald', 'Gray', 'South Africa'),
(92, 'Sean', 'Reid', 'China'),
(93, 'Howard', 'Mendoza', 'Ireland'),
(94, 'Katherine', 'Rice', 'Philippines'),
(95, 'Victor', 'Banks', 'Azerbaijan'),
(96, 'Billy', 'Foster', 'Mexico'),
(97, 'Irene', 'Robertson', 'Poland'),
(98, 'Johnny', 'Stone', 'Portugal'),
(99, 'Judith', 'Rice', 'United States'),
(100, 'Mark', 'Carpenter', 'United States'),
(101, 'Matthew', 'Schmidt', 'France'),
(102, 'Harold', 'Bennett', 'China'),
(103, 'Wayne', 'Meyer', 'China'),
(104, 'Ryan', 'Schmidt', 'Comoros'),
(105, 'Karen', 'Olson', 'Sweden'),
(106, 'Nicholas', 'Wilson', 'Russia'),
(107, 'Diana', 'Hernandez', 'United States'),
(108, 'Rose', 'Long', 'Paraguay'),
(109, 'Linda', 'Evans', 'China'),
(110, 'Evelyn', 'Jones', 'China'),
(111, 'Gary', 'Henderson', 'Ukraine'),
(112, 'Heather', 'Wilson', 'Canada'),
(113, 'Edward', 'Perez', 'Dominican Republic'),
(114, 'Jonathan', 'Stone', 'Thailand'),
(115, 'Justin', 'Perry', 'Japan'),
(116, 'Harry', 'Knight', 'Egypt'),
(117, 'Alice', 'Pierce', 'China'),
(118, 'Wayne', 'Cunningham', 'Malta'),
(119, 'Stephanie', 'Hill', 'Croatia'),
(120, 'Sean', 'Burton', 'Russia'),
(121, 'Nancy', 'Crawford', 'Indonesia'),
(122, 'Shirley', 'Ross', 'Poland'),
(123, 'Patricia', 'Mason', 'Thailand'),
(124, 'Elizabeth', 'Moore', 'France'),
(125, 'Stephen', 'Foster', 'Indonesia'),
(126, 'Carlos', 'Sullivan', 'Ukraine'),
(127, 'Antonio', 'Fields', 'China'),
(128, 'Mary', 'Fox', 'Azerbaijan'),
(129, 'Barbara', 'Welch', 'United States'),
(130, 'Daniel', 'Miller', 'China'),
(131, 'Gary', 'Hall', 'Poland'),
(132, 'Frances', 'Phillips', 'Philippines'),
(133, 'Diana', 'Wagner', 'Indonesia'),
(134, 'Brandon', 'Baker', 'China'),
(135, 'Alice', 'Jordan', 'Peru'),
(136, 'Sharon', 'Baker', 'Indonesia'),
(137, 'Patrick', 'Ross', 'Poland'),
(138, 'Andrea', 'Torres', 'Philippines'),
(139, 'Marilyn', 'Lawrence', 'Russia'),
(140, 'Judy', 'Crawford', 'New Zealand'),
(141, 'Randy', 'Wood', 'Brazil'),
(142, 'Kevin', 'Owens', 'Indonesia'),
(143, 'Jesse', 'Wilson', 'Germany'),
(144, 'Jerry', 'Howard', 'China'),
(145, 'Marie', 'Arnold', 'Brazil'),
(146, 'Sean', 'Nelson', 'Canada'),
(147, 'Sarah', 'Hawkins', 'Vietnam'),
(148, 'Ryan', 'Scott', 'Argentina'),
(149, 'Diana', 'Bishop', 'Indonesia'),
(150, 'Nicholas', 'Ramos', 'Portugal'),
(151, 'Stephanie', 'Ruiz', 'Brazil'),
(152, 'Todd', 'Franklin', 'China'),
(153, 'Stephanie', 'Dixon', 'Japan'),
(154, 'Jesse', 'Morris', 'Indonesia'),
(155, 'Jane', 'Simpson', 'Indonesia'),
(156, 'Andrew', 'Brooks', 'Sweden'),
(157, 'Robin', 'Ryan', 'Indonesia'),
(158, 'Bonnie', 'Collins', 'United States'),
(159, 'Jerry', 'Garcia', 'China'),
(160, 'Tammy', 'James', 'Croatia'),
(161, 'Mildred', 'Elliott', 'China'),
(162, 'Wayne', 'Chavez', 'Argentina'),
(163, 'Louis', 'Torres', 'Indonesia'),
(164, 'Marie', 'Williams', 'China'),
(165, 'Evelyn', 'Larson', 'Thailand'),
(166, 'Paula', 'Thompson', 'Micronesia'),
(167, 'Susan', 'Matthews', 'China'),
(168, 'Philip', 'Harrison', 'Belarus'),
(169, 'Victor', 'Romero', 'Croatia'),
(170, 'Albert', 'Ford', 'Haiti'),
(171, 'Mark', 'Mills', 'Indonesia'),
(172, 'Donald', 'Hayes', 'Russia'),
(173, 'Howard', 'Carr', 'Finland'),
(174, 'Pamela', 'Garrett', 'Indonesia'),
(175, 'Amanda', 'Henry', 'Philippines'),
(176, 'Dennis', 'Peters', 'China'),
(177, 'Ralph', 'Snyder', 'Cuba'),
(178, 'Tina', 'Cruz', 'Ukraine'),
(179, 'Shirley', 'Henry', 'Chile'),
(180, 'Brandon', 'West', 'Brazil'),
(181, 'Sarah', 'Sanders', 'Poland'),
(182, 'William', 'Harris', 'Philippines'),
(183, 'Marie', 'Ryan', 'Palestinian Territory'),
(184, 'Jimmy', 'Fernandez', 'Malaysia'),
(185, 'Matthew', 'Carroll', 'Lesotho'),
(186, 'Thomas', 'Nelson', 'Indonesia'),
(187, 'Terry', 'James', 'Russia'),
(188, 'Gloria', 'Sullivan', 'Austria'),
(189, 'Wayne', 'Medina', 'China'),
(190, 'Janet', 'Gonzalez', 'Brazil'),
(191, 'Donna', 'Campbell', 'China'),
(192, 'Willie', 'Kim', 'Luxembourg'),
(193, 'Chris', 'Arnold', 'Chile'),
(194, 'Ryan', 'Cox', 'Morocco'),
(195, 'Louise', 'Morgan', 'Russia'),
(196, 'Ann', 'Carpenter', 'China'),
(197, 'Randy', 'Ryan', 'Japan'),
(198, 'Lori', 'Mcdonald', 'Russia'),
(199, 'Ernest', 'Rodriguez', 'China'),
(200, 'Theresa', 'Ellis', 'United States');

-- --------------------------------------------------------

--
-- Table structure for table `penontonfilm`
--

CREATE TABLE IF NOT EXISTS `penontonfilm` (
  `PenontonID` int(11) NOT NULL,
  `FilmID` int(11) NOT NULL,
  PRIMARY KEY (`PenontonID`,`FilmID`),
  KEY `FilmID` (`FilmID`)
) ENGINE=InnoDB DEFAULT CHARSET=latin1;

--
-- Dumping data for table `penontonfilm`
--

INSERT INTO `penontonfilm` (`PenontonID`, `FilmID`) VALUES
(101, 2),
(25, 3),
(1, 4),
(1, 5),
(118, 5),
(148, 6),
(161, 6),
(54, 8),
(173, 8),
(33, 11),
(33, 12),
(121, 12),
(38, 13),
(174, 13),
(175, 13),
(195, 13),
(60, 14),
(199, 15),
(73, 16),
(90, 16),
(106, 17),
(137, 19),
(54, 20),
(190, 20),
(44, 23),
(136, 23),
(184, 25),
(92, 28),
(36, 29),
(4, 31),
(131, 32),
(60, 33),
(35, 35),
(100, 37),
(195, 38),
(136, 43),
(140, 43),
(188, 43),
(200, 43),
(50, 44),
(166, 46),
(181, 47),
(5, 48),
(53, 48),
(148, 50),
(154, 52),
(162, 54),
(180, 55),
(9, 57),
(167, 58),
(8, 59),
(103, 59),
(36, 60),
(42, 60),
(91, 60),
(82, 61),
(124, 62),
(91, 64),
(175, 65),
(68, 66),
(131, 68),
(57, 69),
(148, 70),
(181, 71),
(4, 72),
(72, 72),
(158, 72),
(1, 75),
(70, 76),
(30, 77),
(108, 77),
(52, 79),
(92, 81),
(118, 85),
(55, 86),
(171, 86),
(2, 89),
(37, 89),
(109, 90),
(158, 92),
(178, 92),
(180, 93),
(132, 94),
(157, 94),
(150, 96),
(191, 96),
(88, 97),
(178, 99),
(127, 101),
(162, 101),
(108, 102),
(88, 103),
(191, 103),
(57, 107),
(72, 109),
(89, 111),
(155, 111),
(53, 113),
(19, 116),
(163, 116),
(136, 117),
(176, 117),
(88, 118),
(189, 119),
(12, 120),
(29, 120),
(109, 120),
(10, 122),
(175, 122),
(30, 123),
(30, 124),
(166, 125),
(52, 128),
(199, 128),
(26, 129),
(176, 129),
(100, 130),
(145, 132),
(83, 133),
(59, 134),
(75, 134),
(147, 134),
(53, 135),
(61, 135),
(70, 136),
(86, 136),
(161, 136),
(127, 137),
(146, 137),
(88, 140),
(147, 140),
(189, 140),
(61, 141),
(1, 142),
(135, 143),
(176, 143),
(197, 145),
(84, 146),
(171, 147),
(163, 149),
(12, 150),
(22, 151),
(79, 151),
(151, 151),
(77, 153),
(108, 155),
(152, 156),
(85, 159),
(110, 161),
(114, 161),
(114, 162),
(28, 163),
(132, 164),
(118, 165),
(150, 167),
(80, 169),
(113, 172),
(63, 173),
(68, 173),
(191, 173),
(166, 174),
(14, 175),
(42, 176),
(84, 176),
(51, 177),
(181, 178),
(197, 179),
(110, 180),
(117, 181),
(171, 181),
(25, 182),
(94, 182),
(176, 182),
(23, 184),
(25, 184),
(182, 184),
(12, 185),
(50, 185),
(90, 185),
(66, 186),
(181, 187),
(23, 188),
(103, 188),
(99, 189),
(26, 191),
(105, 191),
(134, 191),
(74, 194),
(92, 196),
(132, 196),
(82, 197),
(132, 197),
(142, 197),
(5, 200),
(62, 201),
(120, 201),
(122, 202),
(162, 202),
(50, 203),
(50, 204),
(165, 204),
(7, 205),
(170, 205),
(177, 205),
(180, 205),
(120, 207),
(140, 207),
(85, 208),
(194, 208),
(15, 210),
(67, 210),
(113, 210),
(170, 211),
(87, 212),
(14, 213),
(45, 213),
(116, 214),
(171, 214),
(17, 215),
(150, 215),
(4, 216),
(158, 216),
(28, 217),
(49, 218),
(129, 218),
(1, 219),
(47, 219),
(53, 220),
(100, 220),
(73, 221),
(13, 224),
(160, 225),
(105, 226),
(111, 227),
(113, 227),
(90, 228),
(144, 230),
(21, 231),
(35, 231),
(38, 231),
(123, 232),
(170, 232),
(39, 233),
(78, 233),
(199, 234),
(10, 235),
(89, 235),
(128, 235),
(166, 235),
(4, 236),
(85, 239),
(120, 239),
(41, 241),
(56, 241),
(150, 241),
(166, 241),
(76, 242),
(120, 242),
(81, 243),
(174, 245),
(185, 246),
(90, 247),
(77, 249),
(97, 250),
(117, 250),
(117, 252),
(144, 252),
(29, 256),
(98, 256),
(73, 257),
(107, 263),
(161, 264),
(107, 265),
(110, 265),
(31, 266),
(45, 266),
(46, 266),
(160, 266),
(59, 267),
(156, 267),
(21, 268),
(188, 269),
(123, 270),
(171, 270),
(158, 271),
(33, 272),
(106, 272),
(193, 273),
(197, 273),
(96, 274),
(106, 274),
(136, 274),
(170, 274),
(8, 275),
(107, 275),
(48, 276),
(158, 278),
(42, 279),
(30, 280),
(141, 280),
(186, 280),
(192, 281),
(16, 286),
(140, 286),
(76, 287),
(30, 288),
(165, 288),
(13, 292),
(37, 294),
(107, 295),
(94, 296),
(115, 296),
(122, 299),
(177, 300),
(5, 302),
(89, 303),
(186, 303),
(14, 305),
(15, 309),
(83, 310),
(57, 312),
(12, 314),
(99, 314),
(186, 314),
(20, 315),
(91, 315),
(113, 315),
(48, 316),
(130, 316),
(173, 316),
(8, 317),
(1, 318),
(27, 319),
(58, 319),
(124, 319),
(69, 321),
(175, 322),
(35, 325),
(146, 325),
(173, 325),
(52, 326),
(55, 326),
(46, 328),
(159, 329),
(52, 330),
(94, 330),
(147, 331),
(158, 331),
(28, 332),
(149, 333),
(171, 333),
(3, 335),
(26, 335),
(74, 335),
(84, 339),
(43, 340),
(179, 344),
(74, 347),
(155, 347),
(108, 348),
(81, 350),
(125, 350),
(137, 354),
(191, 354),
(102, 355),
(147, 355),
(12, 356),
(125, 356),
(137, 356),
(155, 356),
(114, 358),
(163, 358),
(138, 359),
(9, 361),
(91, 361),
(152, 361),
(33, 362),
(73, 364),
(32, 365),
(127, 368),
(176, 368),
(199, 369),
(102, 370),
(7, 372),
(43, 372),
(157, 372),
(42, 374),
(138, 374),
(170, 375),
(41, 376),
(48, 376),
(103, 377),
(48, 378),
(118, 378),
(82, 380),
(3, 381),
(96, 381),
(191, 382),
(124, 383),
(109, 385),
(114, 385),
(186, 386),
(95, 387),
(51, 388),
(146, 388),
(173, 388),
(65, 391),
(79, 392),
(168, 393),
(26, 395),
(61, 395),
(78, 395),
(78, 397),
(24, 398),
(105, 402),
(119, 404),
(140, 407),
(45, 411),
(73, 412),
(78, 412),
(118, 413),
(35, 415),
(119, 415),
(101, 416),
(11, 417),
(74, 417),
(141, 417),
(179, 417),
(95, 419),
(27, 420),
(43, 421),
(171, 425),
(75, 426),
(200, 426),
(95, 427),
(193, 427),
(183, 434),
(48, 438),
(128, 439),
(154, 439),
(168, 440),
(145, 442),
(161, 442),
(67, 444),
(182, 444),
(87, 445),
(57, 446),
(198, 447),
(5, 448),
(36, 448),
(197, 448),
(198, 448),
(93, 449),
(53, 451),
(58, 452),
(107, 452),
(136, 452),
(34, 453),
(47, 453),
(51, 453),
(75, 453),
(133, 453),
(181, 454),
(20, 455),
(98, 455),
(145, 456),
(20, 458),
(182, 458),
(15, 459),
(65, 459),
(157, 459),
(5, 460),
(54, 461),
(122, 461),
(161, 464),
(38, 466),
(91, 466),
(125, 467),
(181, 467),
(84, 468),
(102, 468),
(10, 471),
(14, 471),
(85, 471),
(141, 471),
(152, 471),
(120, 476),
(176, 477),
(5, 479),
(45, 482),
(73, 483),
(31, 484),
(141, 484),
(107, 485),
(116, 486),
(128, 486),
(172, 488),
(18, 489),
(196, 489),
(52, 490),
(90, 493),
(66, 494),
(150, 495),
(190, 495),
(62, 497),
(89, 498),
(68, 499),
(157, 500),
(185, 500),
(187, 500),
(41, 503),
(50, 504),
(53, 504),
(112, 505),
(200, 506),
(181, 507),
(75, 508),
(121, 510),
(35, 511),
(58, 512),
(198, 512),
(170, 514),
(64, 515),
(95, 515),
(137, 515),
(128, 516),
(105, 518),
(81, 519),
(83, 522),
(200, 522),
(98, 523),
(142, 523),
(46, 525),
(89, 526),
(91, 529),
(6, 530),
(73, 530),
(126, 530),
(178, 530),
(46, 533),
(74, 533),
(131, 533),
(153, 534),
(59, 538),
(40, 539),
(136, 540),
(45, 541),
(68, 544),
(185, 545),
(80, 547),
(47, 549),
(46, 550),
(200, 550),
(164, 552),
(106, 553),
(12, 557),
(119, 558),
(2, 559),
(104, 559),
(23, 560),
(58, 560),
(61, 563),
(95, 563),
(54, 564),
(32, 565),
(111, 567),
(55, 569),
(124, 569),
(140, 569),
(56, 570),
(62, 570),
(91, 570),
(189, 570),
(75, 571),
(100, 571),
(161, 571),
(140, 572),
(153, 572),
(177, 572),
(183, 573),
(90, 575),
(160, 575),
(197, 575),
(52, 576),
(154, 576),
(10, 577),
(12, 577),
(20, 577),
(101, 577),
(11, 579),
(68, 579),
(185, 579),
(109, 581),
(10, 582),
(119, 582),
(107, 583),
(171, 583),
(109, 585),
(36, 589),
(82, 590),
(107, 591),
(25, 592),
(41, 593),
(118, 594),
(89, 596),
(182, 596),
(19, 598),
(56, 598),
(75, 598),
(61, 599),
(78, 600),
(190, 600),
(164, 604),
(192, 604),
(13, 605),
(118, 605),
(162, 605),
(138, 606),
(189, 607),
(99, 608),
(49, 609),
(147, 610),
(98, 611),
(23, 613),
(76, 613),
(113, 613),
(20, 614),
(63, 614),
(146, 615),
(62, 616),
(123, 616),
(2, 617),
(13, 622),
(115, 625),
(17, 626),
(109, 628),
(136, 628),
(112, 629),
(147, 629),
(37, 630),
(152, 630),
(64, 631),
(143, 631),
(28, 634),
(101, 636),
(189, 640),
(32, 641),
(184, 641),
(196, 642),
(86, 643),
(171, 644),
(22, 647),
(67, 647),
(7, 648),
(85, 648),
(166, 648),
(69, 649),
(188, 650),
(155, 651),
(136, 652),
(10, 659),
(135, 662),
(185, 662),
(27, 663),
(59, 664),
(174, 664),
(53, 666),
(98, 666),
(99, 666),
(120, 666),
(154, 667),
(116, 668),
(34, 671),
(108, 671),
(98, 672),
(95, 673),
(141, 674),
(77, 675),
(125, 675),
(79, 676),
(81, 676),
(106, 676),
(159, 676),
(162, 676),
(34, 677),
(47, 677),
(130, 677),
(177, 677),
(180, 677),
(162, 679),
(126, 680),
(167, 680),
(193, 681),
(163, 682),
(40, 685),
(137, 685),
(181, 685),
(73, 686),
(80, 687),
(166, 689),
(42, 690),
(75, 691),
(170, 693),
(17, 694),
(45, 694),
(178, 694),
(123, 695),
(66, 696),
(174, 696),
(196, 696),
(57, 697),
(105, 697),
(154, 697),
(184, 697),
(200, 697),
(120, 698),
(122, 698),
(103, 700),
(117, 700),
(152, 700),
(26, 701),
(171, 701),
(11, 704),
(150, 704),
(194, 704),
(53, 706),
(14, 707),
(184, 709),
(107, 712),
(9, 713),
(10, 713),
(88, 713),
(111, 715),
(51, 716),
(69, 716),
(158, 716),
(189, 716),
(167, 717),
(178, 717),
(27, 718),
(66, 719),
(197, 719),
(17, 723),
(90, 724),
(103, 725),
(106, 725),
(109, 725),
(14, 726),
(64, 727),
(70, 727),
(133, 727),
(33, 728),
(53, 728),
(92, 728),
(89, 730),
(47, 731),
(197, 733),
(182, 734),
(81, 735),
(178, 735),
(17, 737),
(139, 737),
(46, 740),
(1, 741),
(71, 742),
(143, 742),
(59, 744),
(73, 745),
(193, 745),
(75, 747),
(132, 748),
(83, 750),
(142, 751),
(10, 752),
(109, 753),
(145, 755),
(155, 755),
(37, 756),
(97, 757),
(127, 757),
(35, 758),
(74, 760),
(139, 760),
(169, 760),
(111, 761),
(126, 762),
(84, 763),
(155, 764),
(117, 765),
(80, 768),
(94, 768),
(100, 768),
(120, 768),
(38, 769),
(70, 770),
(136, 771),
(96, 772),
(101, 775),
(64, 777),
(51, 779),
(70, 779),
(3, 784),
(23, 787),
(113, 788),
(189, 788),
(180, 790),
(86, 791),
(79, 792),
(47, 796),
(1, 797),
(43, 797),
(66, 802),
(100, 803),
(164, 803),
(57, 805),
(5, 806),
(75, 806),
(151, 806),
(167, 806),
(178, 807),
(99, 809),
(180, 809),
(181, 809),
(13, 811),
(179, 811),
(184, 812),
(85, 813),
(183, 814),
(48, 817),
(107, 817),
(156, 819),
(199, 820),
(67, 821),
(80, 821),
(112, 823),
(6, 828),
(107, 828),
(121, 828),
(49, 830),
(107, 830),
(122, 830),
(129, 830),
(158, 830),
(135, 832),
(50, 833),
(184, 833),
(94, 834),
(17, 836),
(28, 836),
(74, 836),
(153, 838),
(134, 839),
(141, 841),
(64, 842),
(139, 845),
(123, 848),
(186, 848),
(8, 850),
(9, 850),
(91, 853),
(187, 853),
(22, 854),
(143, 854),
(5, 855),
(8, 855),
(23, 855),
(134, 855),
(138, 855),
(28, 859),
(58, 859),
(147, 859),
(109, 860),
(103, 861),
(107, 862),
(147, 863),
(200, 863),
(93, 864),
(166, 864),
(13, 865),
(17, 865),
(127, 865),
(87, 866),
(178, 866),
(86, 867),
(91, 867),
(150, 868),
(107, 869),
(178, 869),
(152, 870),
(9, 872),
(130, 872),
(66, 874),
(115, 874),
(9, 877),
(62, 877),
(88, 878),
(53, 880),
(120, 881),
(124, 881),
(93, 882),
(78, 885),
(148, 885),
(167, 886),
(65, 887),
(163, 887),
(104, 888),
(199, 888),
(12, 890),
(36, 890),
(86, 893),
(24, 894),
(92, 895),
(48, 896),
(126, 896),
(157, 896),
(25, 897),
(105, 897),
(100, 898),
(172, 901),
(20, 902),
(29, 903),
(146, 905),
(62, 907),
(175, 908),
(21, 909),
(110, 910),
(110, 912),
(143, 912),
(131, 913),
(62, 915),
(112, 915),
(162, 915),
(177, 920),
(16, 921),
(69, 922),
(96, 926),
(130, 926),
(71, 927),
(87, 927),
(118, 929),
(36, 930),
(140, 931),
(8, 933),
(63, 933),
(141, 935),
(153, 935),
(192, 936),
(100, 939),
(192, 939),
(30, 940),
(11, 941),
(95, 942),
(98, 942),
(188, 944),
(43, 947),
(142, 947),
(25, 948),
(122, 950),
(125, 950),
(147, 951),
(102, 954),
(18, 955),
(33, 955),
(154, 959),
(198, 960),
(4, 961),
(38, 961),
(55, 963),
(64, 963),
(83, 963),
(101, 963),
(79, 964),
(90, 965),
(161, 965),
(5, 967),
(115, 968),
(146, 970),
(81, 971),
(124, 974),
(167, 974),
(166, 977),
(156, 978),
(84, 979),
(74, 980),
(124, 980),
(74, 981),
(107, 983),
(10, 984),
(106, 985),
(162, 991),
(106, 992),
(148, 992),
(197, 993),
(23, 997),
(180, 997),
(42, 998),
(63, 998),
(195, 998),
(83, 999),
(35, 1000);

-- --------------------------------------------------------

--
-- Table structure for table `sutradara`
--

CREATE TABLE IF NOT EXISTS `sutradara` (
  `SutradaraID` int(11) NOT NULL,
  `NamaDepan` varchar(255) NOT NULL,
  `NamaBelakang` varchar(255) NOT NULL,
  `AsalNegara` varchar(255) NOT NULL,
  `TanggalLahir` date NOT NULL,
  PRIMARY KEY (`SutradaraID`)
) ENGINE=InnoDB DEFAULT CHARSET=latin1;

--
-- Dumping data for table `sutradara`
--

INSERT INTO `sutradara` (`SutradaraID`, `NamaDepan`, `NamaBelakang`, `AsalNegara`, `TanggalLahir`) VALUES
(1, 'Katherine', 'West', 'China', '1947-01-30'),
(2, 'Pamela', 'Lane', 'China', '1970-01-18'),
(3, 'Carlos', 'Collins', 'Indonesia', '1956-05-11'),
(4, 'Scott', 'Kelly', 'United Kingdom', '1963-01-09'),
(5, 'Nicholas', 'Barnes', 'Ukraine', '1952-06-09'),
(6, 'Melissa', 'Freeman', 'Indonesia', '1957-08-07'),
(7, 'Karen', 'Cunningham', 'Colombia', '1948-07-04'),
(8, 'Amy', 'Porter', 'Portugal', '1950-03-21'),
(9, 'Virginia', 'Freeman', 'Indonesia', '1981-07-14'),
(10, 'Cheryl', 'Price', 'Brazil', '1977-12-20'),
(11, 'Norma', 'Parker', 'South Korea', '1957-04-21'),
(12, 'Anne', 'Hunt', 'Antigua and Barbuda', '1952-09-05'),
(13, 'Samuel', 'Rice', 'Brazil', '1982-12-29'),
(14, 'Elizabeth', 'Baker', 'Portugal', '1968-12-26'),
(15, 'Ruth', 'Young', 'Bangladesh', '1978-05-09'),
(16, 'Kelly', 'Gilbert', 'Japan', '1965-09-24'),
(17, 'Lillian', 'Patterson', 'Russia', '1966-03-26'),
(18, 'Samuel', 'Walker', 'Japan', '1950-04-29'),
(19, 'Arthur', 'West', 'South Korea', '1961-11-14'),
(20, 'Judith', 'Rose', 'China', '1974-09-13'),
(21, 'Amanda', 'Lynch', 'Argentina', '1971-03-17'),
(22, 'Gerald', 'Williamson', 'Portugal', '1983-06-02'),
(23, 'Elizabeth', 'Payne', 'Sweden', '1947-07-13'),
(24, 'Mildred', 'Berry', 'Brazil', '1967-12-15'),
(25, 'Sharon', 'Johnston', 'China', '1968-04-01'),
(26, 'Joshua', 'Porter', 'Madagascar', '1973-04-08'),
(27, 'Donna', 'Stone', 'Russia', '1967-03-29'),
(28, 'David', 'Powell', 'Brazil', '1949-05-19'),
(29, 'Angela', 'Harvey', 'Portugal', '1953-07-28'),
(30, 'Ryan', 'Long', 'France', '1963-01-16'),
(31, 'Evelyn', 'Henry', 'Papua New Guinea', '1971-08-05'),
(32, 'Robert', 'Williamson', 'Poland', '1949-08-26'),
(33, 'Julie', 'Marshall', 'Morocco', '1967-10-27'),
(34, 'Robert', 'Ferguson', 'China', '1977-09-10'),
(35, 'Susan', 'Lee', 'Dominican Republic', '1962-02-05'),
(36, 'Ashley', 'Barnes', 'Argentina', '1978-01-05'),
(37, 'Carol', 'Gonzales', 'Poland', '1974-11-25'),
(38, 'Brian', 'Porter', 'France', '1965-06-03'),
(39, 'Louise', 'Murray', 'Indonesia', '1978-02-23'),
(40, 'Elizabeth', 'Montgomery', 'China', '1948-11-04'),
(41, 'Carolyn', 'Thompson', 'Indonesia', '1960-02-08'),
(42, 'Carlos', 'Duncan', 'Russia', '1976-12-28'),
(43, 'Janet', 'Baker', 'China', '1948-12-25'),
(44, 'Donna', 'Martin', 'Poland', '1981-01-03'),
(45, 'Philip', 'Evans', 'Sweden', '1970-03-17'),
(46, 'Frances', 'Lawrence', 'Portugal', '1967-07-14'),
(47, 'Ashley', 'Bell', 'China', '1974-06-09'),
(48, 'Andrea', 'Powell', 'China', '1979-12-29'),
(49, 'Irene', 'James', 'Sweden', '1976-02-26'),
(50, 'Ann', 'White', 'Brazil', '1972-08-03'),
(51, 'Paula', 'Phillips', 'China', '1961-09-19'),
(52, 'Daniel', 'Davis', 'Kazakhstan', '1978-02-09'),
(53, 'Timothy', 'Little', 'South Africa', '1966-02-09'),
(54, 'Raymond', 'Oliver', 'Indonesia', '1947-10-25'),
(55, 'Brian', 'Robertson', 'Colombia', '1981-07-23'),
(56, 'Joyce', 'Green', 'Poland', '1967-07-15'),
(57, 'Russell', 'Turner', 'Ukraine', '1956-10-23'),
(58, 'Mildred', 'Carr', 'Yemen', '1969-01-03'),
(59, 'Ronald', 'Patterson', 'Indonesia', '1984-04-07'),
(60, 'Annie', 'Carroll', 'China', '1951-12-08'),
(61, 'Christina', 'Griffin', 'Sweden', '1967-08-07'),
(62, 'Carol', 'Gordon', 'Malaysia', '1959-12-01'),
(63, 'Jessica', 'Woods', 'Greece', '1960-09-24'),
(64, 'Ronald', 'Bell', 'Democratic Republic of the Congo', '1952-01-04'),
(65, 'Michelle', 'Alexander', 'Czech Republic', '1963-12-22'),
(66, 'Eric', 'Alexander', 'China', '1950-10-13'),
(67, 'Barbara', 'Williams', 'Germany', '1949-11-28'),
(68, 'Samuel', 'Sanchez', 'Sweden', '1968-09-22'),
(69, 'Bonnie', 'Burton', 'Russia', '1974-12-31'),
(70, 'Ryan', 'Andrews', 'Japan', '1954-10-25'),
(71, 'Jonathan', 'Walker', 'Russia', '1974-03-04'),
(72, 'Christine', 'Hart', 'Russia', '1962-07-15'),
(73, 'Pamela', 'Medina', 'Bulgaria', '1948-06-18'),
(74, 'Johnny', 'Lawrence', 'China', '1977-08-30'),
(75, 'Fred', 'Reynolds', 'China', '1958-09-10'),
(76, 'Evelyn', 'Wells', 'Egypt', '1954-03-21'),
(77, 'Frances', 'Campbell', 'China', '1957-03-21'),
(78, 'Ruby', 'Sims', 'Portugal', '1948-02-02'),
(79, 'Tammy', 'Porter', 'Kazakhstan', '1965-06-14'),
(80, 'Harry', 'Scott', 'Vietnam', '1961-03-28'),
(81, 'George', 'Diaz', 'Thailand', '1983-06-06'),
(82, 'Edward', 'Reid', 'Canada', '1981-07-08'),
(83, 'Russell', 'Hayes', 'China', '1979-11-10'),
(84, 'Kenneth', 'Lynch', 'Russia', '1967-02-16'),
(85, 'Carl', 'Hill', 'Czech Republic', '1974-04-13'),
(86, 'Frances', 'Dunn', 'Egypt', '1969-12-29'),
(87, 'Virginia', 'Ford', 'France', '1969-01-24'),
(88, 'Beverly', 'Morales', 'China', '1951-11-13'),
(89, 'Pamela', 'Dixon', 'Croatia', '1949-05-28'),
(90, 'Elizabeth', 'Watkins', 'China', '1952-08-14'),
(91, 'Kelly', 'Rogers', 'Ukraine', '1974-04-03'),
(92, 'Angela', 'Rodriguez', 'Indonesia', '1977-02-28'),
(93, 'Bonnie', 'Black', 'Nigeria', '1962-05-29'),
(94, 'Fred', 'Mendoza', 'Yemen', '1972-04-10'),
(95, 'Bonnie', 'Wright', 'Afghanistan', '1961-10-19'),
(96, 'Phillip', 'Duncan', 'Macedonia', '1984-12-25'),
(97, 'Victor', 'Rivera', 'United States', '1957-10-12'),
(98, 'Louise', 'King', 'France', '1976-10-14'),
(99, 'Martin', 'Bishop', 'Indonesia', '1978-10-25'),
(100, 'Dorothy', 'Barnes', 'Nicaragua', '1958-11-27');

--
-- Constraints for dumped tables
--

--
-- Constraints for table `aktorfilm`
--
ALTER TABLE `aktorfilm`
  ADD CONSTRAINT `aktorfilm_ibfk_1` FOREIGN KEY (`FilmID`) REFERENCES `film` (`FilmID`),
  ADD CONSTRAINT `aktorfilm_ibfk_2` FOREIGN KEY (`AktorID`) REFERENCES `aktor` (`AktorID`);

--
-- Constraints for table `film`
--
ALTER TABLE `film`
  ADD CONSTRAINT `film_ibfk_1` FOREIGN KEY (`SutradaraID`) REFERENCES `sutradara` (`SutradaraID`);

--
-- Constraints for table `genrefilm`
--
ALTER TABLE `genrefilm`
  ADD CONSTRAINT `genrefilm_ibfk_1` FOREIGN KEY (`GenreID`) REFERENCES `genre` (`GenreID`),
  ADD CONSTRAINT `genrefilm_ibfk_2` FOREIGN KEY (`FilmID`) REFERENCES `film` (`FilmID`);

--
-- Constraints for table `penontonfilm`
--
ALTER TABLE `penontonfilm`
  ADD CONSTRAINT `penontonfilm_ibfk_1` FOREIGN KEY (`PenontonID`) REFERENCES `penonton` (`PenontonID`),
  ADD CONSTRAINT `penontonfilm_ibfk_2` FOREIGN KEY (`FilmID`) REFERENCES `film` (`FilmID`);

/*!40101 SET CHARACTER_SET_CLIENT=@OLD_CHARACTER_SET_CLIENT */;
/*!40101 SET CHARACTER_SET_RESULTS=@OLD_CHARACTER_SET_RESULTS */;
/*!40101 SET COLLATION_CONNECTION=@OLD_COLLATION_CONNECTION */;
